<?xml version="1.0"?>
<gpx xmlns="http://www.topografix.com/GPX/1/1" xmlns:xsi="http://www.w3.org/2001/XMLSchema-instance" version="1.1" creator="AllTrails.com" xsi:schemaLocation="http://www.topografix.com/GPX/1/1 http://www.topografix.com/GPX/1/1/gpx.xsd">
  <metadata>
    <name><![CDATA[Artemis Nature Trail]]></name>
    <desc><![CDATA[]]></desc>
    <link href="http://www.alltrails.com">
      <text>AllTrails, LLC</text>
    </link>
    <bounds minlat="34.92583" minlon="32.85395" maxlat="34.94098" maxlon="32.87278"/>
  </metadata>
  <trk>
    <name><![CDATA[Artemis Nature Trail]]></name>
    <src>AllTrails</src>
    <trkseg>
      <trkpt lat="34.93192" lon="32.86869">
        <ele>1864.03</ele>
      </trkpt>
      <trkpt lat="34.93191" lon="32.8687">
        <ele>1864.03</ele>
      </trkpt>
      <trkpt lat="34.93189" lon="32.86873">
        <ele>1864.13</ele>
      </trkpt>
      <trkpt lat="34.93187" lon="32.86876">
        <ele>1864.16</ele>
      </trkpt>
      <trkpt lat="34.93183" lon="32.86881">
        <ele>1863.87</ele>
      </trkpt>
      <trkpt lat="34.9318" lon="32.86887">
        <ele>1863.68</ele>
      </trkpt>
      <trkpt lat="34.93176" lon="32.86893">
        <ele>1862.93</ele>
      </trkpt>
      <trkpt lat="34.93175" lon="32.86901">
        <ele>1863.23</ele>
      </trkpt>
      <trkpt lat="34.93172" lon="32.86907">
        <ele>1863.27</ele>
      </trkpt>
      <trkpt lat="34.9317" lon="32.86914">
        <ele>1863.82</ele>
      </trkpt>
      <trkpt lat="34.93168" lon="32.86922">
        <ele>1864.07</ele>
      </trkpt>
      <trkpt lat="34.93166" lon="32.86929">
        <ele>1863.92</ele>
      </trkpt>
      <trkpt lat="34.93164" lon="32.86936">
        <ele>1863.65</ele>
      </trkpt>
      <trkpt lat="34.93163" lon="32.86944">
        <ele>1863.47</ele>
      </trkpt>
      <trkpt lat="34.93162" lon="32.86953">
        <ele>1863.58</ele>
      </trkpt>
      <trkpt lat="34.93161" lon="32.86961">
        <ele>1863.66</ele>
      </trkpt>
      <trkpt lat="34.9316" lon="32.86969">
        <ele>1863.71</ele>
      </trkpt>
      <trkpt lat="34.93159" lon="32.86977">
        <ele>1863.59</ele>
      </trkpt>
      <trkpt lat="34.93158" lon="32.86986">
        <ele>1863.41</ele>
      </trkpt>
      <trkpt lat="34.93157" lon="32.86994">
        <ele>1863.29</ele>
      </trkpt>
      <trkpt lat="34.93156" lon="32.87002">
        <ele>1863.25</ele>
      </trkpt>
      <trkpt lat="34.93155" lon="32.87011">
        <ele>1863.37</ele>
      </trkpt>
      <trkpt lat="34.93156" lon="32.87018">
        <ele>1863.43</ele>
      </trkpt>
      <trkpt lat="34.93156" lon="32.87026">
        <ele>1863.52</ele>
      </trkpt>
      <trkpt lat="34.93156" lon="32.87033">
        <ele>1863.58</ele>
      </trkpt>
      <trkpt lat="34.93157" lon="32.87041">
        <ele>1863.54</ele>
      </trkpt>
      <trkpt lat="34.93158" lon="32.87048">
        <ele>1863.52</ele>
      </trkpt>
      <trkpt lat="34.93159" lon="32.87056">
        <ele>1863.54</ele>
      </trkpt>
      <trkpt lat="34.93159" lon="32.87063">
        <ele>1863.28</ele>
      </trkpt>
      <trkpt lat="34.93161" lon="32.8707">
        <ele>1862.89</ele>
      </trkpt>
      <trkpt lat="34.93161" lon="32.87078">
        <ele>1862.6</ele>
      </trkpt>
      <trkpt lat="34.93165" lon="32.87083">
        <ele>1862.13</ele>
      </trkpt>
      <trkpt lat="34.93171" lon="32.87088">
        <ele>1860.16</ele>
      </trkpt>
      <trkpt lat="34.93176" lon="32.87093">
        <ele>1858.27</ele>
      </trkpt>
      <trkpt lat="34.93181" lon="32.87098">
        <ele>1856.58</ele>
      </trkpt>
      <trkpt lat="34.93187" lon="32.87102">
        <ele>1854.93</ele>
      </trkpt>
      <trkpt lat="34.93193" lon="32.87105">
        <ele>1853.51</ele>
      </trkpt>
      <trkpt lat="34.93198" lon="32.87108">
        <ele>1852.59</ele>
      </trkpt>
      <trkpt lat="34.93204" lon="32.8711">
        <ele>1851.65</ele>
      </trkpt>
      <trkpt lat="34.9321" lon="32.87112">
        <ele>1850.66</ele>
      </trkpt>
      <trkpt lat="34.93215" lon="32.87115">
        <ele>1849.62</ele>
      </trkpt>
      <trkpt lat="34.93221" lon="32.87117">
        <ele>1848.54</ele>
      </trkpt>
      <trkpt lat="34.93227" lon="32.87118">
        <ele>1847.95</ele>
      </trkpt>
      <trkpt lat="34.93233" lon="32.87122">
        <ele>1847.42</ele>
      </trkpt>
      <trkpt lat="34.93234" lon="32.87122">
        <ele>1847.38</ele>
      </trkpt>
      <trkpt lat="34.93272" lon="32.87138">
        <ele>1844.82</ele>
      </trkpt>
      <trkpt lat="34.93272" lon="32.87138">
        <ele>1844.82</ele>
      </trkpt>
      <trkpt lat="34.93293" lon="32.87146">
        <ele>1842.3</ele>
      </trkpt>
      <trkpt lat="34.93293" lon="32.87146">
        <ele>1842.3</ele>
      </trkpt>
      <trkpt lat="34.93313" lon="32.87163">
        <ele>1837.92</ele>
      </trkpt>
      <trkpt lat="34.93313" lon="32.87163">
        <ele>1837.92</ele>
      </trkpt>
      <trkpt lat="34.93318" lon="32.87176">
        <ele>1835.48</ele>
      </trkpt>
      <trkpt lat="34.93318" lon="32.87176">
        <ele>1835.48</ele>
      </trkpt>
      <trkpt lat="34.93317" lon="32.872">
        <ele>1833.42</ele>
      </trkpt>
      <trkpt lat="34.93317" lon="32.872">
        <ele>1833.42</ele>
      </trkpt>
      <trkpt lat="34.93315" lon="32.87211">
        <ele>1831.41</ele>
      </trkpt>
      <trkpt lat="34.93315" lon="32.87211">
        <ele>1831.41</ele>
      </trkpt>
      <trkpt lat="34.93312" lon="32.87212">
        <ele>1831.43</ele>
      </trkpt>
      <trkpt lat="34.93306" lon="32.87212">
        <ele>1831.91</ele>
      </trkpt>
      <trkpt lat="34.933" lon="32.87212">
        <ele>1832.54</ele>
      </trkpt>
      <trkpt lat="34.93294" lon="32.87212">
        <ele>1833.19</ele>
      </trkpt>
      <trkpt lat="34.93288" lon="32.87211">
        <ele>1834.13</ele>
      </trkpt>
      <trkpt lat="34.93282" lon="32.87213">
        <ele>1834.2</ele>
      </trkpt>
      <trkpt lat="34.93276" lon="32.87213">
        <ele>1834.63</ele>
      </trkpt>
      <trkpt lat="34.9327" lon="32.87213">
        <ele>1834.56</ele>
      </trkpt>
      <trkpt lat="34.93264" lon="32.87215">
        <ele>1833.84</ele>
      </trkpt>
      <trkpt lat="34.93258" lon="32.87215">
        <ele>1833.74</ele>
      </trkpt>
      <trkpt lat="34.93252" lon="32.87215">
        <ele>1833.63</ele>
      </trkpt>
      <trkpt lat="34.93246" lon="32.87216">
        <ele>1833.48</ele>
      </trkpt>
      <trkpt lat="34.93245" lon="32.87216">
        <ele>1833.54</ele>
      </trkpt>
      <trkpt lat="34.9324" lon="32.87216">
        <ele>1833.84</ele>
      </trkpt>
      <trkpt lat="34.93234" lon="32.87216">
        <ele>1834.2</ele>
      </trkpt>
      <trkpt lat="34.93228" lon="32.87218">
        <ele>1833.67</ele>
      </trkpt>
      <trkpt lat="34.93222" lon="32.87218">
        <ele>1834.0</ele>
      </trkpt>
      <trkpt lat="34.93216" lon="32.87218">
        <ele>1834.51</ele>
      </trkpt>
      <trkpt lat="34.9321" lon="32.87219">
        <ele>1834.62</ele>
      </trkpt>
      <trkpt lat="34.93204" lon="32.87219">
        <ele>1835.17</ele>
      </trkpt>
      <trkpt lat="34.93198" lon="32.87219">
        <ele>1835.72</ele>
      </trkpt>
      <trkpt lat="34.93191" lon="32.87221">
        <ele>1836.12</ele>
      </trkpt>
      <trkpt lat="34.93186" lon="32.87221">
        <ele>1837.18</ele>
      </trkpt>
      <trkpt lat="34.9318" lon="32.87221">
        <ele>1838.45</ele>
      </trkpt>
      <trkpt lat="34.93173" lon="32.87223">
        <ele>1839.32</ele>
      </trkpt>
      <trkpt lat="34.93167" lon="32.87223">
        <ele>1840.59</ele>
      </trkpt>
      <trkpt lat="34.93161" lon="32.87226">
        <ele>1840.47</ele>
      </trkpt>
      <trkpt lat="34.93157" lon="32.87231">
        <ele>1839.28</ele>
      </trkpt>
      <trkpt lat="34.93152" lon="32.87235">
        <ele>1838.85</ele>
      </trkpt>
      <trkpt lat="34.93146" lon="32.87239">
        <ele>1838.82</ele>
      </trkpt>
      <trkpt lat="34.93141" lon="32.87244">
        <ele>1838.39</ele>
      </trkpt>
      <trkpt lat="34.93135" lon="32.87247">
        <ele>1838.66</ele>
      </trkpt>
      <trkpt lat="34.93128" lon="32.8725">
        <ele>1838.96</ele>
      </trkpt>
      <trkpt lat="34.93123" lon="32.87255">
        <ele>1837.44</ele>
      </trkpt>
      <trkpt lat="34.93118" lon="32.87259">
        <ele>1836.47</ele>
      </trkpt>
      <trkpt lat="34.93113" lon="32.87263">
        <ele>1835.54</ele>
      </trkpt>
      <trkpt lat="34.93108" lon="32.87268">
        <ele>1834.5</ele>
      </trkpt>
      <trkpt lat="34.93102" lon="32.87272">
        <ele>1834.64</ele>
      </trkpt>
      <trkpt lat="34.93096" lon="32.87272">
        <ele>1836.58</ele>
      </trkpt>
      <trkpt lat="34.9309" lon="32.87273">
        <ele>1838.18</ele>
      </trkpt>
      <trkpt lat="34.93084" lon="32.87275">
        <ele>1839.57</ele>
      </trkpt>
      <trkpt lat="34.93078" lon="32.87275">
        <ele>1839.4</ele>
      </trkpt>
      <trkpt lat="34.93071" lon="32.87278">
        <ele>1838.01</ele>
      </trkpt>
      <trkpt lat="34.93066" lon="32.87277">
        <ele>1837.96</ele>
      </trkpt>
      <trkpt lat="34.93059" lon="32.87277">
        <ele>1837.45</ele>
      </trkpt>
      <trkpt lat="34.93056" lon="32.87275">
        <ele>1837.73</ele>
      </trkpt>
      <trkpt lat="34.93054" lon="32.87275">
        <ele>1837.32</ele>
      </trkpt>
      <trkpt lat="34.93048" lon="32.87274">
        <ele>1836.16</ele>
      </trkpt>
      <trkpt lat="34.93042" lon="32.8727">
        <ele>1835.95</ele>
      </trkpt>
      <trkpt lat="34.93037" lon="32.87266">
        <ele>1836.14</ele>
      </trkpt>
      <trkpt lat="34.93031" lon="32.87262">
        <ele>1836.29</ele>
      </trkpt>
      <trkpt lat="34.93026" lon="32.87257">
        <ele>1837.1</ele>
      </trkpt>
      <trkpt lat="34.93022" lon="32.87251">
        <ele>1838.39</ele>
      </trkpt>
      <trkpt lat="34.93021" lon="32.87243">
        <ele>1839.35</ele>
      </trkpt>
      <trkpt lat="34.9302" lon="32.87236">
        <ele>1839.97</ele>
      </trkpt>
      <trkpt lat="34.93019" lon="32.87229">
        <ele>1840.61</ele>
      </trkpt>
      <trkpt lat="34.93018" lon="32.87222">
        <ele>1841.28</ele>
      </trkpt>
      <trkpt lat="34.93017" lon="32.87214">
        <ele>1842.47</ele>
      </trkpt>
      <trkpt lat="34.93015" lon="32.87208">
        <ele>1843.22</ele>
      </trkpt>
      <trkpt lat="34.93012" lon="32.87203">
        <ele>1843.71</ele>
      </trkpt>
      <trkpt lat="34.93008" lon="32.87203">
        <ele>1843.19</ele>
      </trkpt>
      <trkpt lat="34.93002" lon="32.87203">
        <ele>1842.41</ele>
      </trkpt>
      <trkpt lat="34.92996" lon="32.87205">
        <ele>1841.07</ele>
      </trkpt>
      <trkpt lat="34.9299" lon="32.87205">
        <ele>1840.11</ele>
      </trkpt>
      <trkpt lat="34.92984" lon="32.87205">
        <ele>1839.14</ele>
      </trkpt>
      <trkpt lat="34.92978" lon="32.87207">
        <ele>1837.97</ele>
      </trkpt>
      <trkpt lat="34.92971" lon="32.87208">
        <ele>1836.94</ele>
      </trkpt>
      <trkpt lat="34.92968" lon="32.87208">
        <ele>1836.72</ele>
      </trkpt>
      <trkpt lat="34.92965" lon="32.87208">
        <ele>1836.51</ele>
      </trkpt>
      <trkpt lat="34.92959" lon="32.87211">
        <ele>1835.76</ele>
      </trkpt>
      <trkpt lat="34.92953" lon="32.8721">
        <ele>1835.41</ele>
      </trkpt>
      <trkpt lat="34.92947" lon="32.87208">
        <ele>1835.23</ele>
      </trkpt>
      <trkpt lat="34.92942" lon="32.87207">
        <ele>1834.97</ele>
      </trkpt>
      <trkpt lat="34.92936" lon="32.87205">
        <ele>1834.68</ele>
      </trkpt>
      <trkpt lat="34.9293" lon="32.87201">
        <ele>1834.62</ele>
      </trkpt>
      <trkpt lat="34.92925" lon="32.872">
        <ele>1834.24</ele>
      </trkpt>
      <trkpt lat="34.92919" lon="32.87195">
        <ele>1834.19</ele>
      </trkpt>
      <trkpt lat="34.92916" lon="32.87188">
        <ele>1834.48</ele>
      </trkpt>
      <trkpt lat="34.92912" lon="32.87183">
        <ele>1834.92</ele>
      </trkpt>
      <trkpt lat="34.92909" lon="32.87177">
        <ele>1835.36</ele>
      </trkpt>
      <trkpt lat="34.92907" lon="32.87173">
        <ele>1835.62</ele>
      </trkpt>
      <trkpt lat="34.92906" lon="32.8717">
        <ele>1835.81</ele>
      </trkpt>
      <trkpt lat="34.92902" lon="32.87165">
        <ele>1836.24</ele>
      </trkpt>
      <trkpt lat="34.92898" lon="32.87159">
        <ele>1837.01</ele>
      </trkpt>
      <trkpt lat="34.92894" lon="32.87153">
        <ele>1837.66</ele>
      </trkpt>
      <trkpt lat="34.92888" lon="32.87148">
        <ele>1837.89</ele>
      </trkpt>
      <trkpt lat="34.92884" lon="32.87143">
        <ele>1837.85</ele>
      </trkpt>
      <trkpt lat="34.92879" lon="32.87138">
        <ele>1837.72</ele>
      </trkpt>
      <trkpt lat="34.92877" lon="32.87131">
        <ele>1838.51</ele>
      </trkpt>
      <trkpt lat="34.92876" lon="32.87124">
        <ele>1839.37</ele>
      </trkpt>
      <trkpt lat="34.92875" lon="32.87121">
        <ele>1839.58</ele>
      </trkpt>
      <trkpt lat="34.92877" lon="32.87104">
        <ele>1841.98</ele>
      </trkpt>
      <trkpt lat="34.92876" lon="32.87104">
        <ele>1841.74</ele>
      </trkpt>
      <trkpt lat="34.92863" lon="32.87097">
        <ele>1839.88</ele>
      </trkpt>
      <trkpt lat="34.92863" lon="32.87097">
        <ele>1839.88</ele>
      </trkpt>
      <trkpt lat="34.92841" lon="32.87101">
        <ele>1838.29</ele>
      </trkpt>
      <trkpt lat="34.92841" lon="32.87101">
        <ele>1838.29</ele>
      </trkpt>
      <trkpt lat="34.9284" lon="32.87102">
        <ele>1838.14</ele>
      </trkpt>
      <trkpt lat="34.92833" lon="32.87103">
        <ele>1837.9</ele>
      </trkpt>
      <trkpt lat="34.92827" lon="32.87105">
        <ele>1837.99</ele>
      </trkpt>
      <trkpt lat="34.92821" lon="32.87107">
        <ele>1838.02</ele>
      </trkpt>
      <trkpt lat="34.92815" lon="32.87108">
        <ele>1838.14</ele>
      </trkpt>
      <trkpt lat="34.92809" lon="32.8711">
        <ele>1838.07</ele>
      </trkpt>
      <trkpt lat="34.92803" lon="32.87113">
        <ele>1837.57</ele>
      </trkpt>
      <trkpt lat="34.92797" lon="32.87111">
        <ele>1838.33</ele>
      </trkpt>
      <trkpt lat="34.92791" lon="32.87111">
        <ele>1838.54</ele>
      </trkpt>
      <trkpt lat="34.92785" lon="32.87106">
        <ele>1839.52</ele>
      </trkpt>
      <trkpt lat="34.9278" lon="32.87103">
        <ele>1840.11</ele>
      </trkpt>
      <trkpt lat="34.92774" lon="32.87098">
        <ele>1841.03</ele>
      </trkpt>
      <trkpt lat="34.92769" lon="32.87093">
        <ele>1841.83</ele>
      </trkpt>
      <trkpt lat="34.92763" lon="32.87088">
        <ele>1842.51</ele>
      </trkpt>
      <trkpt lat="34.92761" lon="32.87084">
        <ele>1842.93</ele>
      </trkpt>
      <trkpt lat="34.92764" lon="32.8708">
        <ele>1842.94</ele>
      </trkpt>
      <trkpt lat="34.92771" lon="32.87077">
        <ele>1842.83</ele>
      </trkpt>
      <trkpt lat="34.92777" lon="32.87073">
        <ele>1842.64</ele>
      </trkpt>
      <trkpt lat="34.92783" lon="32.8707">
        <ele>1842.52</ele>
      </trkpt>
      <trkpt lat="34.9279" lon="32.87067">
        <ele>1842.41</ele>
      </trkpt>
      <trkpt lat="34.92796" lon="32.87065">
        <ele>1842.34</ele>
      </trkpt>
      <trkpt lat="34.92802" lon="32.87064">
        <ele>1842.3</ele>
      </trkpt>
      <trkpt lat="34.92808" lon="32.87062">
        <ele>1842.1</ele>
      </trkpt>
      <trkpt lat="34.92814" lon="32.8706">
        <ele>1841.76</ele>
      </trkpt>
      <trkpt lat="34.92821" lon="32.87059">
        <ele>1841.43</ele>
      </trkpt>
      <trkpt lat="34.92827" lon="32.87055">
        <ele>1841.23</ele>
      </trkpt>
      <trkpt lat="34.92833" lon="32.87052">
        <ele>1841.01</ele>
      </trkpt>
      <trkpt lat="34.92839" lon="32.87048">
        <ele>1841.41</ele>
      </trkpt>
      <trkpt lat="34.92845" lon="32.87044">
        <ele>1841.84</ele>
      </trkpt>
      <trkpt lat="34.92848" lon="32.87038">
        <ele>1842.06</ele>
      </trkpt>
      <trkpt lat="34.92852" lon="32.87033">
        <ele>1842.34</ele>
      </trkpt>
      <trkpt lat="34.92852" lon="32.87029">
        <ele>1842.34</ele>
      </trkpt>
      <trkpt lat="34.92848" lon="32.87027">
        <ele>1842.19</ele>
      </trkpt>
      <trkpt lat="34.92843" lon="32.87022">
        <ele>1842.86</ele>
      </trkpt>
      <trkpt lat="34.92837" lon="32.87019">
        <ele>1843.31</ele>
      </trkpt>
      <trkpt lat="34.92832" lon="32.87014">
        <ele>1844.45</ele>
      </trkpt>
      <trkpt lat="34.92826" lon="32.87009">
        <ele>1845.46</ele>
      </trkpt>
      <trkpt lat="34.92821" lon="32.87004">
        <ele>1846.3</ele>
      </trkpt>
      <trkpt lat="34.92815" lon="32.86999">
        <ele>1846.84</ele>
      </trkpt>
      <trkpt lat="34.9281" lon="32.86994">
        <ele>1847.33</ele>
      </trkpt>
      <trkpt lat="34.92804" lon="32.86991">
        <ele>1847.62</ele>
      </trkpt>
      <trkpt lat="34.92799" lon="32.86987">
        <ele>1848.34</ele>
      </trkpt>
      <trkpt lat="34.92793" lon="32.86984">
        <ele>1848.88</ele>
      </trkpt>
      <trkpt lat="34.92787" lon="32.86981">
        <ele>1849.42</ele>
      </trkpt>
      <trkpt lat="34.92782" lon="32.86979">
        <ele>1849.78</ele>
      </trkpt>
      <trkpt lat="34.92776" lon="32.86976">
        <ele>1849.9</ele>
      </trkpt>
      <trkpt lat="34.9277" lon="32.86972">
        <ele>1849.09</ele>
      </trkpt>
      <trkpt lat="34.92767" lon="32.8697">
        <ele>1848.83</ele>
      </trkpt>
      <trkpt lat="34.92765" lon="32.86969">
        <ele>1848.66</ele>
      </trkpt>
      <trkpt lat="34.92759" lon="32.86966">
        <ele>1848.45</ele>
      </trkpt>
      <trkpt lat="34.92755" lon="32.8696">
        <ele>1850.19</ele>
      </trkpt>
      <trkpt lat="34.92751" lon="32.86954">
        <ele>1852.54</ele>
      </trkpt>
      <trkpt lat="34.92747" lon="32.86949">
        <ele>1853.97</ele>
      </trkpt>
      <trkpt lat="34.92744" lon="32.86942">
        <ele>1854.44</ele>
      </trkpt>
      <trkpt lat="34.92742" lon="32.86935">
        <ele>1852.62</ele>
      </trkpt>
      <trkpt lat="34.92739" lon="32.86929">
        <ele>1850.7</ele>
      </trkpt>
      <trkpt lat="34.92738" lon="32.86922">
        <ele>1849.34</ele>
      </trkpt>
      <trkpt lat="34.92736" lon="32.86915">
        <ele>1847.94</ele>
      </trkpt>
      <trkpt lat="34.92735" lon="32.86908">
        <ele>1847.54</ele>
      </trkpt>
      <trkpt lat="34.92732" lon="32.86902">
        <ele>1846.63</ele>
      </trkpt>
      <trkpt lat="34.9273" lon="32.86895">
        <ele>1846.02</ele>
      </trkpt>
      <trkpt lat="34.92727" lon="32.86889">
        <ele>1845.2</ele>
      </trkpt>
      <trkpt lat="34.92728" lon="32.8688">
        <ele>1847.0</ele>
      </trkpt>
      <trkpt lat="34.92727" lon="32.86874">
        <ele>1847.72</ele>
      </trkpt>
      <trkpt lat="34.92727" lon="32.86865">
        <ele>1849.24</ele>
      </trkpt>
      <trkpt lat="34.92725" lon="32.86859">
        <ele>1849.33</ele>
      </trkpt>
      <trkpt lat="34.92722" lon="32.86853">
        <ele>1848.8</ele>
      </trkpt>
      <trkpt lat="34.92719" lon="32.86846">
        <ele>1848.47</ele>
      </trkpt>
      <trkpt lat="34.92716" lon="32.8684">
        <ele>1848.04</ele>
      </trkpt>
      <trkpt lat="34.92712" lon="32.86834">
        <ele>1847.25</ele>
      </trkpt>
      <trkpt lat="34.92709" lon="32.86828">
        <ele>1847.11</ele>
      </trkpt>
      <trkpt lat="34.92706" lon="32.86822">
        <ele>1846.96</ele>
      </trkpt>
      <trkpt lat="34.92703" lon="32.86815">
        <ele>1846.92</ele>
      </trkpt>
      <trkpt lat="34.927" lon="32.86809">
        <ele>1846.68</ele>
      </trkpt>
      <trkpt lat="34.92699" lon="32.86802">
        <ele>1846.87</ele>
      </trkpt>
      <trkpt lat="34.92696" lon="32.86796">
        <ele>1845.9</ele>
      </trkpt>
      <trkpt lat="34.92694" lon="32.86789">
        <ele>1845.54</ele>
      </trkpt>
      <trkpt lat="34.92692" lon="32.86782">
        <ele>1845.56</ele>
      </trkpt>
      <trkpt lat="34.92691" lon="32.86775">
        <ele>1845.83</ele>
      </trkpt>
      <trkpt lat="34.9269" lon="32.86773">
        <ele>1845.86</ele>
      </trkpt>
      <trkpt lat="34.92689" lon="32.86768">
        <ele>1846.12</ele>
      </trkpt>
      <trkpt lat="34.92688" lon="32.86761">
        <ele>1846.51</ele>
      </trkpt>
      <trkpt lat="34.92686" lon="32.86754">
        <ele>1846.8</ele>
      </trkpt>
      <trkpt lat="34.92683" lon="32.86748">
        <ele>1847.12</ele>
      </trkpt>
      <trkpt lat="34.92682" lon="32.86741">
        <ele>1848.28</ele>
      </trkpt>
      <trkpt lat="34.92679" lon="32.86735">
        <ele>1849.03</ele>
      </trkpt>
      <trkpt lat="34.92676" lon="32.86728">
        <ele>1849.97</ele>
      </trkpt>
      <trkpt lat="34.92673" lon="32.86722">
        <ele>1850.73</ele>
      </trkpt>
      <trkpt lat="34.92671" lon="32.86715">
        <ele>1852.17</ele>
      </trkpt>
      <trkpt lat="34.92668" lon="32.86709">
        <ele>1853.41</ele>
      </trkpt>
      <trkpt lat="34.92668" lon="32.86701">
        <ele>1855.38</ele>
      </trkpt>
      <trkpt lat="34.92664" lon="32.86695">
        <ele>1855.9</ele>
      </trkpt>
      <trkpt lat="34.92658" lon="32.8669">
        <ele>1853.83</ele>
      </trkpt>
      <trkpt lat="34.92653" lon="32.86686">
        <ele>1851.93</ele>
      </trkpt>
      <trkpt lat="34.92649" lon="32.8668">
        <ele>1850.31</ele>
      </trkpt>
      <trkpt lat="34.92644" lon="32.86675">
        <ele>1848.27</ele>
      </trkpt>
      <trkpt lat="34.92642" lon="32.86668">
        <ele>1847.27</ele>
      </trkpt>
      <trkpt lat="34.92639" lon="32.86662">
        <ele>1846.04</ele>
      </trkpt>
      <trkpt lat="34.92636" lon="32.86655">
        <ele>1843.94</ele>
      </trkpt>
      <trkpt lat="34.92633" lon="32.86649">
        <ele>1841.7</ele>
      </trkpt>
      <trkpt lat="34.9263" lon="32.86643">
        <ele>1839.37</ele>
      </trkpt>
      <trkpt lat="34.92626" lon="32.86637">
        <ele>1836.56</ele>
      </trkpt>
      <trkpt lat="34.92623" lon="32.86631">
        <ele>1835.69</ele>
      </trkpt>
      <trkpt lat="34.9262" lon="32.86624">
        <ele>1835.75</ele>
      </trkpt>
      <trkpt lat="34.92616" lon="32.86619">
        <ele>1835.52</ele>
      </trkpt>
      <trkpt lat="34.92612" lon="32.86613">
        <ele>1836.44</ele>
      </trkpt>
      <trkpt lat="34.92609" lon="32.86607">
        <ele>1837.0</ele>
      </trkpt>
      <trkpt lat="34.92604" lon="32.86602">
        <ele>1836.25</ele>
      </trkpt>
      <trkpt lat="34.92602" lon="32.86595">
        <ele>1837.0</ele>
      </trkpt>
      <trkpt lat="34.92599" lon="32.86589">
        <ele>1837.31</ele>
      </trkpt>
      <trkpt lat="34.92598" lon="32.86582">
        <ele>1838.37</ele>
      </trkpt>
      <trkpt lat="34.92595" lon="32.86575">
        <ele>1838.16</ele>
      </trkpt>
      <trkpt lat="34.92593" lon="32.86568">
        <ele>1838.1</ele>
      </trkpt>
      <trkpt lat="34.9259" lon="32.86562">
        <ele>1837.43</ele>
      </trkpt>
      <trkpt lat="34.92589" lon="32.86555">
        <ele>1837.42</ele>
      </trkpt>
      <trkpt lat="34.92587" lon="32.86548">
        <ele>1836.28</ele>
      </trkpt>
      <trkpt lat="34.92585" lon="32.86541">
        <ele>1835.16</ele>
      </trkpt>
      <trkpt lat="34.92584" lon="32.86534">
        <ele>1834.49</ele>
      </trkpt>
      <trkpt lat="34.92583" lon="32.86527">
        <ele>1833.94</ele>
      </trkpt>
      <trkpt lat="34.92583" lon="32.86519">
        <ele>1833.94</ele>
      </trkpt>
      <trkpt lat="34.92583" lon="32.86511">
        <ele>1833.94</ele>
      </trkpt>
      <trkpt lat="34.92584" lon="32.86503">
        <ele>1834.22</ele>
      </trkpt>
      <trkpt lat="34.92585" lon="32.86495">
        <ele>1834.36</ele>
      </trkpt>
      <trkpt lat="34.92587" lon="32.86488">
        <ele>1834.76</ele>
      </trkpt>
      <trkpt lat="34.92592" lon="32.86483">
        <ele>1836.2</ele>
      </trkpt>
      <trkpt lat="34.92596" lon="32.86478">
        <ele>1837.31</ele>
      </trkpt>
      <trkpt lat="34.926" lon="32.86473">
        <ele>1838.43</ele>
      </trkpt>
      <trkpt lat="34.92603" lon="32.86466">
        <ele>1838.58</ele>
      </trkpt>
      <trkpt lat="34.92607" lon="32.8646">
        <ele>1838.79</ele>
      </trkpt>
      <trkpt lat="34.9261" lon="32.86454">
        <ele>1838.49</ele>
      </trkpt>
      <trkpt lat="34.92613" lon="32.86448">
        <ele>1838.24</ele>
      </trkpt>
      <trkpt lat="34.92617" lon="32.86442">
        <ele>1838.33</ele>
      </trkpt>
      <trkpt lat="34.92621" lon="32.86437">
        <ele>1838.52</ele>
      </trkpt>
      <trkpt lat="34.92625" lon="32.86432">
        <ele>1838.81</ele>
      </trkpt>
      <trkpt lat="34.92631" lon="32.86428">
        <ele>1840.15</ele>
      </trkpt>
      <trkpt lat="34.92635" lon="32.86422">
        <ele>1840.47</ele>
      </trkpt>
      <trkpt lat="34.92639" lon="32.86417">
        <ele>1841.09</ele>
      </trkpt>
      <trkpt lat="34.92643" lon="32.86412">
        <ele>1841.58</ele>
      </trkpt>
      <trkpt lat="34.92647" lon="32.86406">
        <ele>1841.74</ele>
      </trkpt>
      <trkpt lat="34.92651" lon="32.864">
        <ele>1841.64</ele>
      </trkpt>
      <trkpt lat="34.92657" lon="32.86397">
        <ele>1842.25</ele>
      </trkpt>
      <trkpt lat="34.92662" lon="32.86393">
        <ele>1842.26</ele>
      </trkpt>
      <trkpt lat="34.92668" lon="32.86389">
        <ele>1842.36</ele>
      </trkpt>
      <trkpt lat="34.92675" lon="32.86386">
        <ele>1843.73</ele>
      </trkpt>
      <trkpt lat="34.92681" lon="32.86383">
        <ele>1844.76</ele>
      </trkpt>
      <trkpt lat="34.92687" lon="32.86379">
        <ele>1845.53</ele>
      </trkpt>
      <trkpt lat="34.92694" lon="32.86376">
        <ele>1846.58</ele>
      </trkpt>
      <trkpt lat="34.927" lon="32.86373">
        <ele>1846.91</ele>
      </trkpt>
      <trkpt lat="34.92706" lon="32.86371">
        <ele>1847.32</ele>
      </trkpt>
      <trkpt lat="34.92712" lon="32.8637">
        <ele>1847.9</ele>
      </trkpt>
      <trkpt lat="34.92719" lon="32.86368">
        <ele>1848.33</ele>
      </trkpt>
      <trkpt lat="34.92725" lon="32.86368">
        <ele>1848.64</ele>
      </trkpt>
      <trkpt lat="34.92731" lon="32.86367">
        <ele>1848.17</ele>
      </trkpt>
      <trkpt lat="34.92736" lon="32.8637">
        <ele>1848.74</ele>
      </trkpt>
      <trkpt lat="34.9274" lon="32.86376">
        <ele>1850.11</ele>
      </trkpt>
      <trkpt lat="34.92743" lon="32.86382">
        <ele>1851.52</ele>
      </trkpt>
      <trkpt lat="34.92748" lon="32.86387">
        <ele>1852.6</ele>
      </trkpt>
      <trkpt lat="34.9275" lon="32.86394">
        <ele>1854.29</ele>
      </trkpt>
      <trkpt lat="34.92755" lon="32.86399">
        <ele>1855.48</ele>
      </trkpt>
      <trkpt lat="34.92759" lon="32.86405">
        <ele>1856.87</ele>
      </trkpt>
      <trkpt lat="34.92762" lon="32.86411">
        <ele>1858.23</ele>
      </trkpt>
      <trkpt lat="34.92765" lon="32.86418">
        <ele>1859.55</ele>
      </trkpt>
      <trkpt lat="34.92769" lon="32.86423">
        <ele>1859.6</ele>
      </trkpt>
      <trkpt lat="34.92773" lon="32.86429">
        <ele>1859.48</ele>
      </trkpt>
      <trkpt lat="34.92775" lon="32.86433">
        <ele>1859.34</ele>
      </trkpt>
      <trkpt lat="34.92776" lon="32.86435">
        <ele>1859.23</ele>
      </trkpt>
      <trkpt lat="34.9278" lon="32.86441">
        <ele>1858.67</ele>
      </trkpt>
      <trkpt lat="34.92784" lon="32.86446">
        <ele>1858.23</ele>
      </trkpt>
      <trkpt lat="34.92788" lon="32.86452">
        <ele>1858.04</ele>
      </trkpt>
      <trkpt lat="34.92791" lon="32.86458">
        <ele>1857.86</ele>
      </trkpt>
      <trkpt lat="34.92795" lon="32.86464">
        <ele>1857.32</ele>
      </trkpt>
      <trkpt lat="34.92799" lon="32.8647">
        <ele>1856.6</ele>
      </trkpt>
      <trkpt lat="34.92804" lon="32.86475">
        <ele>1855.4</ele>
      </trkpt>
      <trkpt lat="34.92808" lon="32.86481">
        <ele>1854.67</ele>
      </trkpt>
      <trkpt lat="34.92813" lon="32.86486">
        <ele>1854.19</ele>
      </trkpt>
      <trkpt lat="34.92819" lon="32.86491">
        <ele>1853.89</ele>
      </trkpt>
      <trkpt lat="34.92824" lon="32.86496">
        <ele>1853.95</ele>
      </trkpt>
      <trkpt lat="34.92829" lon="32.86501">
        <ele>1854.21</ele>
      </trkpt>
      <trkpt lat="34.92835" lon="32.86506">
        <ele>1854.07</ele>
      </trkpt>
      <trkpt lat="34.9284" lon="32.86511">
        <ele>1853.96</ele>
      </trkpt>
      <trkpt lat="34.92846" lon="32.86516">
        <ele>1854.0</ele>
      </trkpt>
      <trkpt lat="34.92851" lon="32.86521">
        <ele>1854.29</ele>
      </trkpt>
      <trkpt lat="34.92857" lon="32.86526">
        <ele>1854.77</ele>
      </trkpt>
      <trkpt lat="34.92862" lon="32.86531">
        <ele>1855.68</ele>
      </trkpt>
      <trkpt lat="34.92868" lon="32.86534">
        <ele>1856.98</ele>
      </trkpt>
      <trkpt lat="34.92873" lon="32.86538">
        <ele>1858.44</ele>
      </trkpt>
      <trkpt lat="34.92879" lon="32.86541">
        <ele>1859.93</ele>
      </trkpt>
      <trkpt lat="34.92885" lon="32.86543">
        <ele>1861.26</ele>
      </trkpt>
      <trkpt lat="34.92885" lon="32.86543">
        <ele>1861.26</ele>
      </trkpt>
      <trkpt lat="34.92889" lon="32.86544">
        <ele>1862.11</ele>
      </trkpt>
      <trkpt lat="34.92891" lon="32.86539">
        <ele>1861.3</ele>
      </trkpt>
      <trkpt lat="34.9289" lon="32.86532">
        <ele>1859.33</ele>
      </trkpt>
      <trkpt lat="34.92889" lon="32.86525">
        <ele>1857.43</ele>
      </trkpt>
      <trkpt lat="34.92887" lon="32.86518">
        <ele>1855.73</ele>
      </trkpt>
      <trkpt lat="34.92886" lon="32.86511">
        <ele>1854.19</ele>
      </trkpt>
      <trkpt lat="34.92885" lon="32.86503">
        <ele>1852.48</ele>
      </trkpt>
      <trkpt lat="34.92885" lon="32.86496">
        <ele>1851.37</ele>
      </trkpt>
      <trkpt lat="34.92884" lon="32.86489">
        <ele>1850.43</ele>
      </trkpt>
      <trkpt lat="34.92883" lon="32.86481">
        <ele>1849.3</ele>
      </trkpt>
      <trkpt lat="34.92883" lon="32.86473">
        <ele>1848.25</ele>
      </trkpt>
      <trkpt lat="34.92882" lon="32.86466">
        <ele>1848.29</ele>
      </trkpt>
      <trkpt lat="34.92882" lon="32.86458">
        <ele>1848.65</ele>
      </trkpt>
      <trkpt lat="34.92883" lon="32.8645">
        <ele>1849.24</ele>
      </trkpt>
      <trkpt lat="34.92883" lon="32.86442">
        <ele>1849.6</ele>
      </trkpt>
      <trkpt lat="34.92883" lon="32.86434">
        <ele>1849.89</ele>
      </trkpt>
      <trkpt lat="34.92881" lon="32.86428">
        <ele>1849.6</ele>
      </trkpt>
      <trkpt lat="34.92879" lon="32.86421">
        <ele>1849.35</ele>
      </trkpt>
      <trkpt lat="34.92878" lon="32.86414">
        <ele>1849.56</ele>
      </trkpt>
      <trkpt lat="34.92876" lon="32.86407">
        <ele>1849.82</ele>
      </trkpt>
      <trkpt lat="34.92874" lon="32.864">
        <ele>1850.0</ele>
      </trkpt>
      <trkpt lat="34.92873" lon="32.86393">
        <ele>1850.43</ele>
      </trkpt>
      <trkpt lat="34.92871" lon="32.86386">
        <ele>1850.66</ele>
      </trkpt>
      <trkpt lat="34.92868" lon="32.8638">
        <ele>1850.59</ele>
      </trkpt>
      <trkpt lat="34.92867" lon="32.86373">
        <ele>1851.32</ele>
      </trkpt>
      <trkpt lat="34.92864" lon="32.86366">
        <ele>1851.32</ele>
      </trkpt>
      <trkpt lat="34.92862" lon="32.86359">
        <ele>1851.7</ele>
      </trkpt>
      <trkpt lat="34.9286" lon="32.86352">
        <ele>1852.24</ele>
      </trkpt>
      <trkpt lat="34.92859" lon="32.86346">
        <ele>1852.91</ele>
      </trkpt>
      <trkpt lat="34.92857" lon="32.86339">
        <ele>1853.29</ele>
      </trkpt>
      <trkpt lat="34.92856" lon="32.86332">
        <ele>1854.16</ele>
      </trkpt>
      <trkpt lat="34.92854" lon="32.86325">
        <ele>1855.17</ele>
      </trkpt>
      <trkpt lat="34.92852" lon="32.86318">
        <ele>1856.12</ele>
      </trkpt>
      <trkpt lat="34.92851" lon="32.86311">
        <ele>1857.48</ele>
      </trkpt>
      <trkpt lat="34.92849" lon="32.86304">
        <ele>1857.97</ele>
      </trkpt>
      <trkpt lat="34.92849" lon="32.86296">
        <ele>1858.35</ele>
      </trkpt>
      <trkpt lat="34.92847" lon="32.86289">
        <ele>1857.8</ele>
      </trkpt>
      <trkpt lat="34.92846" lon="32.86282">
        <ele>1857.77</ele>
      </trkpt>
      <trkpt lat="34.92844" lon="32.86275">
        <ele>1857.03</ele>
      </trkpt>
      <trkpt lat="34.92842" lon="32.86268">
        <ele>1855.88</ele>
      </trkpt>
      <trkpt lat="34.9284" lon="32.86262">
        <ele>1854.96</ele>
      </trkpt>
      <trkpt lat="34.9284" lon="32.86254">
        <ele>1854.61</ele>
      </trkpt>
      <trkpt lat="34.9284" lon="32.86246">
        <ele>1853.72</ele>
      </trkpt>
      <trkpt lat="34.92842" lon="32.86239">
        <ele>1852.89</ele>
      </trkpt>
      <trkpt lat="34.92844" lon="32.86232">
        <ele>1852.06</ele>
      </trkpt>
      <trkpt lat="34.92846" lon="32.86224">
        <ele>1851.06</ele>
      </trkpt>
      <trkpt lat="34.92849" lon="32.86218">
        <ele>1851.01</ele>
      </trkpt>
      <trkpt lat="34.92852" lon="32.86212">
        <ele>1851.18</ele>
      </trkpt>
      <trkpt lat="34.92855" lon="32.86206">
        <ele>1851.38</ele>
      </trkpt>
      <trkpt lat="34.92856" lon="32.86205">
        <ele>1851.54</ele>
      </trkpt>
      <trkpt lat="34.92859" lon="32.86199">
        <ele>1851.81</ele>
      </trkpt>
      <trkpt lat="34.92863" lon="32.86194">
        <ele>1852.23</ele>
      </trkpt>
      <trkpt lat="34.92867" lon="32.86189">
        <ele>1851.73</ele>
      </trkpt>
      <trkpt lat="34.92871" lon="32.86183">
        <ele>1851.04</ele>
      </trkpt>
      <trkpt lat="34.92875" lon="32.86178">
        <ele>1850.65</ele>
      </trkpt>
      <trkpt lat="34.9288" lon="32.86174">
        <ele>1850.75</ele>
      </trkpt>
      <trkpt lat="34.92886" lon="32.86169">
        <ele>1850.89</ele>
      </trkpt>
      <trkpt lat="34.9289" lon="32.86164">
        <ele>1850.56</ele>
      </trkpt>
      <trkpt lat="34.92896" lon="32.86161">
        <ele>1852.8</ele>
      </trkpt>
      <trkpt lat="34.92899" lon="32.86155">
        <ele>1852.45</ele>
      </trkpt>
      <trkpt lat="34.92903" lon="32.86149">
        <ele>1852.92</ele>
      </trkpt>
      <trkpt lat="34.92905" lon="32.86141">
        <ele>1851.68</ele>
      </trkpt>
      <trkpt lat="34.92908" lon="32.86135">
        <ele>1852.09</ele>
      </trkpt>
      <trkpt lat="34.92909" lon="32.86127">
        <ele>1850.76</ele>
      </trkpt>
      <trkpt lat="34.92913" lon="32.86121">
        <ele>1851.98</ele>
      </trkpt>
      <trkpt lat="34.92916" lon="32.86115">
        <ele>1852.52</ele>
      </trkpt>
      <trkpt lat="34.9292" lon="32.8611">
        <ele>1853.0</ele>
      </trkpt>
      <trkpt lat="34.92924" lon="32.86104">
        <ele>1852.92</ele>
      </trkpt>
      <trkpt lat="34.92928" lon="32.86099">
        <ele>1853.18</ele>
      </trkpt>
      <trkpt lat="34.92933" lon="32.86094">
        <ele>1853.9</ele>
      </trkpt>
      <trkpt lat="34.92937" lon="32.86089">
        <ele>1854.27</ele>
      </trkpt>
      <trkpt lat="34.9294" lon="32.86082">
        <ele>1853.64</ele>
      </trkpt>
      <trkpt lat="34.92943" lon="32.86076">
        <ele>1852.99</ele>
      </trkpt>
      <trkpt lat="34.92946" lon="32.8607">
        <ele>1852.15</ele>
      </trkpt>
      <trkpt lat="34.92948" lon="32.86063">
        <ele>1850.53</ele>
      </trkpt>
      <trkpt lat="34.92951" lon="32.86056">
        <ele>1849.26</ele>
      </trkpt>
      <trkpt lat="34.92954" lon="32.8605">
        <ele>1849.75</ele>
      </trkpt>
      <trkpt lat="34.92957" lon="32.86044">
        <ele>1850.13</ele>
      </trkpt>
      <trkpt lat="34.92961" lon="32.86037">
        <ele>1850.37</ele>
      </trkpt>
      <trkpt lat="34.92965" lon="32.86032">
        <ele>1850.52</ele>
      </trkpt>
      <trkpt lat="34.92968" lon="32.86026">
        <ele>1850.19</ele>
      </trkpt>
      <trkpt lat="34.92971" lon="32.86022">
        <ele>1850.19</ele>
      </trkpt>
      <trkpt lat="34.92972" lon="32.86021">
        <ele>1850.23</ele>
      </trkpt>
      <trkpt lat="34.92975" lon="32.86015">
        <ele>1849.53</ele>
      </trkpt>
      <trkpt lat="34.92981" lon="32.86011">
        <ele>1848.81</ele>
      </trkpt>
      <trkpt lat="34.92987" lon="32.86007">
        <ele>1847.96</ele>
      </trkpt>
      <trkpt lat="34.92993" lon="32.86004">
        <ele>1847.15</ele>
      </trkpt>
      <trkpt lat="34.92999" lon="32.86002">
        <ele>1846.43</ele>
      </trkpt>
      <trkpt lat="34.93005" lon="32.86005">
        <ele>1846.21</ele>
      </trkpt>
      <trkpt lat="34.9301" lon="32.8601">
        <ele>1846.49</ele>
      </trkpt>
      <trkpt lat="34.93016" lon="32.86015">
        <ele>1846.71</ele>
      </trkpt>
      <trkpt lat="34.9302" lon="32.86021">
        <ele>1847.44</ele>
      </trkpt>
      <trkpt lat="34.93024" lon="32.86027">
        <ele>1848.24</ele>
      </trkpt>
      <trkpt lat="34.93028" lon="32.86032">
        <ele>1849.02</ele>
      </trkpt>
      <trkpt lat="34.93032" lon="32.86038">
        <ele>1849.82</ele>
      </trkpt>
      <trkpt lat="34.93036" lon="32.86044">
        <ele>1850.61</ele>
      </trkpt>
      <trkpt lat="34.93042" lon="32.86048">
        <ele>1850.54</ele>
      </trkpt>
      <trkpt lat="34.93046" lon="32.86054">
        <ele>1851.33</ele>
      </trkpt>
      <trkpt lat="34.9305" lon="32.8606">
        <ele>1851.61</ele>
      </trkpt>
      <trkpt lat="34.93054" lon="32.86065">
        <ele>1851.38</ele>
      </trkpt>
      <trkpt lat="34.93058" lon="32.86071">
        <ele>1850.52</ele>
      </trkpt>
      <trkpt lat="34.93063" lon="32.86077">
        <ele>1848.83</ele>
      </trkpt>
      <trkpt lat="34.93067" lon="32.86082">
        <ele>1847.5</ele>
      </trkpt>
      <trkpt lat="34.93072" lon="32.86088">
        <ele>1845.77</ele>
      </trkpt>
      <trkpt lat="34.93074" lon="32.86094">
        <ele>1845.52</ele>
      </trkpt>
      <trkpt lat="34.93077" lon="32.86101">
        <ele>1845.07</ele>
      </trkpt>
      <trkpt lat="34.93078" lon="32.86108">
        <ele>1845.54</ele>
      </trkpt>
      <trkpt lat="34.9308" lon="32.86115">
        <ele>1845.71</ele>
      </trkpt>
      <trkpt lat="34.93082" lon="32.86122">
        <ele>1845.99</ele>
      </trkpt>
      <trkpt lat="34.93083" lon="32.86128">
        <ele>1846.53</ele>
      </trkpt>
      <trkpt lat="34.93084" lon="32.86136">
        <ele>1847.42</ele>
      </trkpt>
      <trkpt lat="34.93084" lon="32.86144">
        <ele>1848.19</ele>
      </trkpt>
      <trkpt lat="34.93084" lon="32.86151">
        <ele>1848.68</ele>
      </trkpt>
      <trkpt lat="34.93085" lon="32.86159">
        <ele>1848.94</ele>
      </trkpt>
      <trkpt lat="34.93085" lon="32.86167">
        <ele>1849.47</ele>
      </trkpt>
      <trkpt lat="34.93085" lon="32.86174">
        <ele>1849.74</ele>
      </trkpt>
      <trkpt lat="34.93087" lon="32.86181">
        <ele>1849.4</ele>
      </trkpt>
      <trkpt lat="34.93088" lon="32.86189">
        <ele>1849.43</ele>
      </trkpt>
      <trkpt lat="34.93093" lon="32.86194">
        <ele>1848.19</ele>
      </trkpt>
      <trkpt lat="34.93095" lon="32.862">
        <ele>1848.12</ele>
      </trkpt>
      <trkpt lat="34.931" lon="32.86206">
        <ele>1847.28</ele>
      </trkpt>
      <trkpt lat="34.93104" lon="32.86211">
        <ele>1846.68</ele>
      </trkpt>
      <trkpt lat="34.93107" lon="32.86218">
        <ele>1846.6</ele>
      </trkpt>
      <trkpt lat="34.9311" lon="32.86224">
        <ele>1846.34</ele>
      </trkpt>
      <trkpt lat="34.93112" lon="32.8623">
        <ele>1846.2</ele>
      </trkpt>
      <trkpt lat="34.93115" lon="32.86237">
        <ele>1846.26</ele>
      </trkpt>
      <trkpt lat="34.93114" lon="32.86245">
        <ele>1846.68</ele>
      </trkpt>
      <trkpt lat="34.93116" lon="32.86252">
        <ele>1846.92</ele>
      </trkpt>
      <trkpt lat="34.93115" lon="32.8626">
        <ele>1847.32</ele>
      </trkpt>
      <trkpt lat="34.93119" lon="32.86266">
        <ele>1847.62</ele>
      </trkpt>
      <trkpt lat="34.93125" lon="32.86271">
        <ele>1848.01</ele>
      </trkpt>
      <trkpt lat="34.9313" lon="32.86276">
        <ele>1848.53</ele>
      </trkpt>
      <trkpt lat="34.93136" lon="32.86281">
        <ele>1849.44</ele>
      </trkpt>
      <trkpt lat="34.93141" lon="32.86286">
        <ele>1850.56</ele>
      </trkpt>
      <trkpt lat="34.93147" lon="32.86289">
        <ele>1851.31</ele>
      </trkpt>
      <trkpt lat="34.93151" lon="32.86286">
        <ele>1850.92</ele>
      </trkpt>
      <trkpt lat="34.93155" lon="32.8628">
        <ele>1849.98</ele>
      </trkpt>
      <trkpt lat="34.93159" lon="32.86275">
        <ele>1849.57</ele>
      </trkpt>
      <trkpt lat="34.93162" lon="32.86269">
        <ele>1849.41</ele>
      </trkpt>
      <trkpt lat="34.93166" lon="32.86263">
        <ele>1849.42</ele>
      </trkpt>
      <trkpt lat="34.9317" lon="32.86257">
        <ele>1849.79</ele>
      </trkpt>
      <trkpt lat="34.93176" lon="32.86254">
        <ele>1850.73</ele>
      </trkpt>
      <trkpt lat="34.9318" lon="32.86248">
        <ele>1851.68</ele>
      </trkpt>
      <trkpt lat="34.93186" lon="32.86245">
        <ele>1853.34</ele>
      </trkpt>
      <trkpt lat="34.93188" lon="32.86238">
        <ele>1855.03</ele>
      </trkpt>
      <trkpt lat="34.93188" lon="32.8623">
        <ele>1856.49</ele>
      </trkpt>
      <trkpt lat="34.93184" lon="32.86227">
        <ele>1855.84</ele>
      </trkpt>
      <trkpt lat="34.93178" lon="32.86225">
        <ele>1854.31</ele>
      </trkpt>
      <trkpt lat="34.93172" lon="32.86223">
        <ele>1852.65</ele>
      </trkpt>
      <trkpt lat="34.93167" lon="32.86218">
        <ele>1851.42</ele>
      </trkpt>
      <trkpt lat="34.93163" lon="32.86212">
        <ele>1850.49</ele>
      </trkpt>
      <trkpt lat="34.93162" lon="32.86205">
        <ele>1850.48</ele>
      </trkpt>
      <trkpt lat="34.9316" lon="32.86198">
        <ele>1849.99</ele>
      </trkpt>
      <trkpt lat="34.93159" lon="32.86191">
        <ele>1849.38</ele>
      </trkpt>
      <trkpt lat="34.93157" lon="32.86184">
        <ele>1847.96</ele>
      </trkpt>
      <trkpt lat="34.93155" lon="32.86177">
        <ele>1846.6</ele>
      </trkpt>
      <trkpt lat="34.93155" lon="32.86169">
        <ele>1845.98</ele>
      </trkpt>
      <trkpt lat="34.93155" lon="32.86162">
        <ele>1845.97</ele>
      </trkpt>
      <trkpt lat="34.93156" lon="32.86153">
        <ele>1846.65</ele>
      </trkpt>
      <trkpt lat="34.93155" lon="32.86146">
        <ele>1846.54</ele>
      </trkpt>
      <trkpt lat="34.93155" lon="32.86138">
        <ele>1846.8</ele>
      </trkpt>
      <trkpt lat="34.93155" lon="32.8613">
        <ele>1846.77</ele>
      </trkpt>
      <trkpt lat="34.93154" lon="32.86123">
        <ele>1846.28</ele>
      </trkpt>
      <trkpt lat="34.93154" lon="32.86115">
        <ele>1846.2</ele>
      </trkpt>
      <trkpt lat="34.93155" lon="32.86107">
        <ele>1846.6</ele>
      </trkpt>
      <trkpt lat="34.93156" lon="32.86099">
        <ele>1847.01</ele>
      </trkpt>
      <trkpt lat="34.93157" lon="32.8609">
        <ele>1847.48</ele>
      </trkpt>
      <trkpt lat="34.93158" lon="32.86082">
        <ele>1848.07</ele>
      </trkpt>
      <trkpt lat="34.93159" lon="32.86074">
        <ele>1848.76</ele>
      </trkpt>
      <trkpt lat="34.9316" lon="32.86066">
        <ele>1849.44</ele>
      </trkpt>
      <trkpt lat="34.93161" lon="32.86057">
        <ele>1850.12</ele>
      </trkpt>
      <trkpt lat="34.93162" lon="32.86049">
        <ele>1850.06</ele>
      </trkpt>
      <trkpt lat="34.93162" lon="32.86041">
        <ele>1849.15</ele>
      </trkpt>
      <trkpt lat="34.93163" lon="32.86033">
        <ele>1848.95</ele>
      </trkpt>
      <trkpt lat="34.93165" lon="32.86025">
        <ele>1849.59</ele>
      </trkpt>
      <trkpt lat="34.93167" lon="32.86018">
        <ele>1850.52</ele>
      </trkpt>
      <trkpt lat="34.93169" lon="32.86011">
        <ele>1851.35</ele>
      </trkpt>
      <trkpt lat="34.93171" lon="32.86003">
        <ele>1852.16</ele>
      </trkpt>
      <trkpt lat="34.93173" lon="32.85996">
        <ele>1852.79</ele>
      </trkpt>
      <trkpt lat="34.93176" lon="32.85989">
        <ele>1853.93</ele>
      </trkpt>
      <trkpt lat="34.93177" lon="32.85981">
        <ele>1853.59</ele>
      </trkpt>
      <trkpt lat="34.93181" lon="32.85975">
        <ele>1855.67</ele>
      </trkpt>
      <trkpt lat="34.93184" lon="32.85969">
        <ele>1857.92</ele>
      </trkpt>
      <trkpt lat="34.93188" lon="32.85963">
        <ele>1861.13</ele>
      </trkpt>
      <trkpt lat="34.93188" lon="32.85957">
        <ele>1861.63</ele>
      </trkpt>
      <trkpt lat="34.93185" lon="32.85952">
        <ele>1860.68</ele>
      </trkpt>
      <trkpt lat="34.93182" lon="32.85945">
        <ele>1860.43</ele>
      </trkpt>
      <trkpt lat="34.93177" lon="32.8594">
        <ele>1858.96</ele>
      </trkpt>
      <trkpt lat="34.93173" lon="32.85934">
        <ele>1857.62</ele>
      </trkpt>
      <trkpt lat="34.93169" lon="32.85928">
        <ele>1856.04</ele>
      </trkpt>
      <trkpt lat="34.93164" lon="32.85923">
        <ele>1853.07</ele>
      </trkpt>
      <trkpt lat="34.93158" lon="32.85918">
        <ele>1849.0</ele>
      </trkpt>
      <trkpt lat="34.93153" lon="32.85913">
        <ele>1845.77</ele>
      </trkpt>
      <trkpt lat="34.93149" lon="32.85908">
        <ele>1843.65</ele>
      </trkpt>
      <trkpt lat="34.93144" lon="32.85902">
        <ele>1841.69</ele>
      </trkpt>
      <trkpt lat="34.93142" lon="32.85896">
        <ele>1841.76</ele>
      </trkpt>
      <trkpt lat="34.93139" lon="32.85889">
        <ele>1842.01</ele>
      </trkpt>
      <trkpt lat="34.93137" lon="32.85882">
        <ele>1841.04</ele>
      </trkpt>
      <trkpt lat="34.93135" lon="32.85876">
        <ele>1840.13</ele>
      </trkpt>
      <trkpt lat="34.93135" lon="32.8587">
        <ele>1839.97</ele>
      </trkpt>
      <trkpt lat="34.93139" lon="32.85864">
        <ele>1841.15</ele>
      </trkpt>
      <trkpt lat="34.93142" lon="32.85858">
        <ele>1842.43</ele>
      </trkpt>
      <trkpt lat="34.93144" lon="32.85855">
        <ele>1843.49</ele>
      </trkpt>
      <trkpt lat="34.93146" lon="32.85852">
        <ele>1844.66</ele>
      </trkpt>
      <trkpt lat="34.93147" lon="32.85844">
        <ele>1845.76</ele>
      </trkpt>
      <trkpt lat="34.93149" lon="32.85837">
        <ele>1847.58</ele>
      </trkpt>
      <trkpt lat="34.9315" lon="32.85829">
        <ele>1848.82</ele>
      </trkpt>
      <trkpt lat="34.93151" lon="32.85821">
        <ele>1850.08</ele>
      </trkpt>
      <trkpt lat="34.93152" lon="32.85812">
        <ele>1851.65</ele>
      </trkpt>
      <trkpt lat="34.93152" lon="32.85805">
        <ele>1852.3</ele>
      </trkpt>
      <trkpt lat="34.93152" lon="32.85797">
        <ele>1854.35</ele>
      </trkpt>
      <trkpt lat="34.9315" lon="32.8579">
        <ele>1854.14</ele>
      </trkpt>
      <trkpt lat="34.93148" lon="32.85783">
        <ele>1854.08</ele>
      </trkpt>
      <trkpt lat="34.93147" lon="32.85776">
        <ele>1855.02</ele>
      </trkpt>
      <trkpt lat="34.93145" lon="32.85769">
        <ele>1855.01</ele>
      </trkpt>
      <trkpt lat="34.93143" lon="32.85762">
        <ele>1855.29</ele>
      </trkpt>
      <trkpt lat="34.93143" lon="32.85755">
        <ele>1857.26</ele>
      </trkpt>
      <trkpt lat="34.93142" lon="32.85748">
        <ele>1858.27</ele>
      </trkpt>
      <trkpt lat="34.9314" lon="32.85741">
        <ele>1857.96</ele>
      </trkpt>
      <trkpt lat="34.9314" lon="32.85733">
        <ele>1859.07</ele>
      </trkpt>
      <trkpt lat="34.93138" lon="32.85726">
        <ele>1858.76</ele>
      </trkpt>
      <trkpt lat="34.93136" lon="32.85719">
        <ele>1857.55</ele>
      </trkpt>
      <trkpt lat="34.93136" lon="32.85712">
        <ele>1857.19</ele>
      </trkpt>
      <trkpt lat="34.93134" lon="32.85705">
        <ele>1855.07</ele>
      </trkpt>
      <trkpt lat="34.93135" lon="32.85696">
        <ele>1855.45</ele>
      </trkpt>
      <trkpt lat="34.93138" lon="32.8569">
        <ele>1858.97</ele>
      </trkpt>
      <trkpt lat="34.93141" lon="32.85684">
        <ele>1861.91</ele>
      </trkpt>
      <trkpt lat="34.93144" lon="32.85677">
        <ele>1864.23</ele>
      </trkpt>
      <trkpt lat="34.93143" lon="32.85669">
        <ele>1864.88</ele>
      </trkpt>
      <trkpt lat="34.93142" lon="32.85662">
        <ele>1864.37</ele>
      </trkpt>
      <trkpt lat="34.93141" lon="32.85654">
        <ele>1863.21</ele>
      </trkpt>
      <trkpt lat="34.93141" lon="32.85647">
        <ele>1862.43</ele>
      </trkpt>
      <trkpt lat="34.93141" lon="32.85639">
        <ele>1861.54</ele>
      </trkpt>
      <trkpt lat="34.9314" lon="32.85632">
        <ele>1861.04</ele>
      </trkpt>
      <trkpt lat="34.9314" lon="32.85624">
        <ele>1860.77</ele>
      </trkpt>
      <trkpt lat="34.93139" lon="32.85616">
        <ele>1860.21</ele>
      </trkpt>
      <trkpt lat="34.93139" lon="32.85609">
        <ele>1860.03</ele>
      </trkpt>
      <trkpt lat="34.9314" lon="32.856">
        <ele>1860.22</ele>
      </trkpt>
      <trkpt lat="34.93141" lon="32.85592">
        <ele>1860.29</ele>
      </trkpt>
      <trkpt lat="34.93142" lon="32.85584">
        <ele>1860.24</ele>
      </trkpt>
      <trkpt lat="34.93143" lon="32.85576">
        <ele>1860.1</ele>
      </trkpt>
      <trkpt lat="34.93144" lon="32.85567">
        <ele>1859.83</ele>
      </trkpt>
      <trkpt lat="34.93145" lon="32.85559">
        <ele>1859.48</ele>
      </trkpt>
      <trkpt lat="34.93146" lon="32.85551">
        <ele>1858.61</ele>
      </trkpt>
      <trkpt lat="34.93148" lon="32.85544">
        <ele>1857.36</ele>
      </trkpt>
      <trkpt lat="34.93149" lon="32.85536">
        <ele>1856.03</ele>
      </trkpt>
      <trkpt lat="34.93153" lon="32.8553">
        <ele>1854.31</ele>
      </trkpt>
      <trkpt lat="34.93156" lon="32.85526">
        <ele>1853.02</ele>
      </trkpt>
      <trkpt lat="34.93162" lon="32.85525">
        <ele>1851.59</ele>
      </trkpt>
      <trkpt lat="34.93167" lon="32.85523">
        <ele>1850.24</ele>
      </trkpt>
      <trkpt lat="34.93173" lon="32.85523">
        <ele>1849.02</ele>
      </trkpt>
      <trkpt lat="34.93179" lon="32.8552">
        <ele>1847.16</ele>
      </trkpt>
      <trkpt lat="34.93185" lon="32.85523">
        <ele>1846.56</ele>
      </trkpt>
      <trkpt lat="34.9319" lon="32.85528">
        <ele>1846.87</ele>
      </trkpt>
      <trkpt lat="34.93193" lon="32.85534">
        <ele>1848.45</ele>
      </trkpt>
      <trkpt lat="34.93197" lon="32.8554">
        <ele>1849.57</ele>
      </trkpt>
      <trkpt lat="34.93201" lon="32.85545">
        <ele>1850.08</ele>
      </trkpt>
      <trkpt lat="34.93206" lon="32.85551">
        <ele>1850.62</ele>
      </trkpt>
      <trkpt lat="34.93211" lon="32.85556">
        <ele>1850.79</ele>
      </trkpt>
      <trkpt lat="34.93216" lon="32.85561">
        <ele>1850.82</ele>
      </trkpt>
      <trkpt lat="34.93222" lon="32.85564">
        <ele>1849.81</ele>
      </trkpt>
      <trkpt lat="34.93227" lon="32.85569">
        <ele>1850.41</ele>
      </trkpt>
      <trkpt lat="34.93233" lon="32.85569">
        <ele>1849.23</ele>
      </trkpt>
      <trkpt lat="34.93239" lon="32.85571">
        <ele>1848.65</ele>
      </trkpt>
      <trkpt lat="34.93245" lon="32.85573">
        <ele>1848.04</ele>
      </trkpt>
      <trkpt lat="34.93251" lon="32.85575">
        <ele>1847.53</ele>
      </trkpt>
      <trkpt lat="34.93256" lon="32.85576">
        <ele>1847.5</ele>
      </trkpt>
      <trkpt lat="34.93262" lon="32.8558">
        <ele>1848.45</ele>
      </trkpt>
      <trkpt lat="34.93268" lon="32.85583">
        <ele>1849.23</ele>
      </trkpt>
      <trkpt lat="34.93273" lon="32.85586">
        <ele>1850.31</ele>
      </trkpt>
      <trkpt lat="34.93279" lon="32.85589">
        <ele>1851.58</ele>
      </trkpt>
      <trkpt lat="34.93285" lon="32.85593">
        <ele>1853.76</ele>
      </trkpt>
      <trkpt lat="34.9329" lon="32.85596">
        <ele>1855.23</ele>
      </trkpt>
      <trkpt lat="34.93296" lon="32.856">
        <ele>1856.86</ele>
      </trkpt>
      <trkpt lat="34.93301" lon="32.85603">
        <ele>1857.88</ele>
      </trkpt>
      <trkpt lat="34.93307" lon="32.85608">
        <ele>1859.11</ele>
      </trkpt>
      <trkpt lat="34.93312" lon="32.85611">
        <ele>1859.51</ele>
      </trkpt>
      <trkpt lat="34.93318" lon="32.85614">
        <ele>1859.73</ele>
      </trkpt>
      <trkpt lat="34.93324" lon="32.85618">
        <ele>1860.16</ele>
      </trkpt>
      <trkpt lat="34.9333" lon="32.8562">
        <ele>1860.16</ele>
      </trkpt>
      <trkpt lat="34.93335" lon="32.85621">
        <ele>1859.81</ele>
      </trkpt>
      <trkpt lat="34.93341" lon="32.85625">
        <ele>1859.48</ele>
      </trkpt>
      <trkpt lat="34.93347" lon="32.85628">
        <ele>1858.89</ele>
      </trkpt>
      <trkpt lat="34.93352" lon="32.85631">
        <ele>1858.45</ele>
      </trkpt>
      <trkpt lat="34.93357" lon="32.85636">
        <ele>1858.35</ele>
      </trkpt>
      <trkpt lat="34.93363" lon="32.85641">
        <ele>1858.0</ele>
      </trkpt>
      <trkpt lat="34.93367" lon="32.85647">
        <ele>1858.43</ele>
      </trkpt>
      <trkpt lat="34.93371" lon="32.85652">
        <ele>1858.57</ele>
      </trkpt>
      <trkpt lat="34.93375" lon="32.85658">
        <ele>1859.0</ele>
      </trkpt>
      <trkpt lat="34.93378" lon="32.85664">
        <ele>1859.76</ele>
      </trkpt>
      <trkpt lat="34.93381" lon="32.85671">
        <ele>1860.8</ele>
      </trkpt>
      <trkpt lat="34.93385" lon="32.85676">
        <ele>1860.95</ele>
      </trkpt>
      <trkpt lat="34.9339" lon="32.85682">
        <ele>1861.07</ele>
      </trkpt>
      <trkpt lat="34.93394" lon="32.85688">
        <ele>1861.53</ele>
      </trkpt>
      <trkpt lat="34.93399" lon="32.85693">
        <ele>1861.33</ele>
      </trkpt>
      <trkpt lat="34.93404" lon="32.85698">
        <ele>1861.4</ele>
      </trkpt>
      <trkpt lat="34.9341" lon="32.85703">
        <ele>1861.4</ele>
      </trkpt>
      <trkpt lat="34.93415" lon="32.85708">
        <ele>1861.85</ele>
      </trkpt>
      <trkpt lat="34.93421" lon="32.8571">
        <ele>1861.85</ele>
      </trkpt>
      <trkpt lat="34.93427" lon="32.85709">
        <ele>1861.02</ele>
      </trkpt>
      <trkpt lat="34.93433" lon="32.85709">
        <ele>1860.59</ele>
      </trkpt>
      <trkpt lat="34.93439" lon="32.85708">
        <ele>1859.76</ele>
      </trkpt>
      <trkpt lat="34.93446" lon="32.85706">
        <ele>1858.62</ele>
      </trkpt>
      <trkpt lat="34.93452" lon="32.85705">
        <ele>1858.41</ele>
      </trkpt>
      <trkpt lat="34.93458" lon="32.85703">
        <ele>1857.91</ele>
      </trkpt>
      <trkpt lat="34.93464" lon="32.857">
        <ele>1857.19</ele>
      </trkpt>
      <trkpt lat="34.9347" lon="32.85701">
        <ele>1857.78</ele>
      </trkpt>
      <trkpt lat="34.93476" lon="32.85703">
        <ele>1858.64</ele>
      </trkpt>
      <trkpt lat="34.93482" lon="32.85705">
        <ele>1859.53</ele>
      </trkpt>
      <trkpt lat="34.93487" lon="32.85706">
        <ele>1860.08</ele>
      </trkpt>
      <trkpt lat="34.93493" lon="32.85708">
        <ele>1861.02</ele>
      </trkpt>
      <trkpt lat="34.93499" lon="32.8571">
        <ele>1861.98</ele>
      </trkpt>
      <trkpt lat="34.93505" lon="32.8571">
        <ele>1862.7</ele>
      </trkpt>
      <trkpt lat="34.93511" lon="32.8571">
        <ele>1863.48</ele>
      </trkpt>
      <trkpt lat="34.93517" lon="32.8571">
        <ele>1864.27</ele>
      </trkpt>
      <trkpt lat="34.93523" lon="32.8571">
        <ele>1865.05</ele>
      </trkpt>
      <trkpt lat="34.93529" lon="32.85708">
        <ele>1865.27</ele>
      </trkpt>
      <trkpt lat="34.93535" lon="32.85707">
        <ele>1864.22</ele>
      </trkpt>
      <trkpt lat="34.93541" lon="32.85705">
        <ele>1863.17</ele>
      </trkpt>
      <trkpt lat="34.93548" lon="32.85703">
        <ele>1862.07</ele>
      </trkpt>
      <trkpt lat="34.93554" lon="32.857">
        <ele>1861.2</ele>
      </trkpt>
      <trkpt lat="34.9356" lon="32.85702">
        <ele>1860.96</ele>
      </trkpt>
      <trkpt lat="34.93565" lon="32.85703">
        <ele>1860.9</ele>
      </trkpt>
      <trkpt lat="34.93571" lon="32.85705">
        <ele>1860.79</ele>
      </trkpt>
      <trkpt lat="34.93577" lon="32.85707">
        <ele>1860.65</ele>
      </trkpt>
      <trkpt lat="34.93583" lon="32.8571">
        <ele>1860.45</ele>
      </trkpt>
      <trkpt lat="34.93588" lon="32.85713">
        <ele>1860.22</ele>
      </trkpt>
      <trkpt lat="34.93594" lon="32.85717">
        <ele>1859.88</ele>
      </trkpt>
      <trkpt lat="34.936" lon="32.8572">
        <ele>1859.53</ele>
      </trkpt>
      <trkpt lat="34.93605" lon="32.85725">
        <ele>1859.26</ele>
      </trkpt>
      <trkpt lat="34.93609" lon="32.85726">
        <ele>1859.1</ele>
      </trkpt>
      <trkpt lat="34.93609" lon="32.8573">
        <ele>1859.12</ele>
      </trkpt>
      <trkpt lat="34.93607" lon="32.85735">
        <ele>1859.28</ele>
      </trkpt>
      <trkpt lat="34.93609" lon="32.8574">
        <ele>1859.17</ele>
      </trkpt>
      <trkpt lat="34.93614" lon="32.85742">
        <ele>1859.52</ele>
      </trkpt>
      <trkpt lat="34.93616" lon="32.85737">
        <ele>1859.88</ele>
      </trkpt>
      <trkpt lat="34.93615" lon="32.85729">
        <ele>1859.7</ele>
      </trkpt>
      <trkpt lat="34.93614" lon="32.85722">
        <ele>1859.53</ele>
      </trkpt>
      <trkpt lat="34.93613" lon="32.85715">
        <ele>1859.81</ele>
      </trkpt>
      <trkpt lat="34.93613" lon="32.85707">
        <ele>1860.32</ele>
      </trkpt>
      <trkpt lat="34.93614" lon="32.85699">
        <ele>1860.93</ele>
      </trkpt>
      <trkpt lat="34.93614" lon="32.85691">
        <ele>1861.46</ele>
      </trkpt>
      <trkpt lat="34.93613" lon="32.85683">
        <ele>1861.96</ele>
      </trkpt>
      <trkpt lat="34.93613" lon="32.85676">
        <ele>1862.46</ele>
      </trkpt>
      <trkpt lat="34.93613" lon="32.85668">
        <ele>1863.04</ele>
      </trkpt>
      <trkpt lat="34.93612" lon="32.85661">
        <ele>1863.86</ele>
      </trkpt>
      <trkpt lat="34.93612" lon="32.85653">
        <ele>1864.98</ele>
      </trkpt>
      <trkpt lat="34.93612" lon="32.85645">
        <ele>1866.11</ele>
      </trkpt>
      <trkpt lat="34.9361" lon="32.85638">
        <ele>1866.9</ele>
      </trkpt>
      <trkpt lat="34.93608" lon="32.85631">
        <ele>1866.32</ele>
      </trkpt>
      <trkpt lat="34.93606" lon="32.85625">
        <ele>1865.82</ele>
      </trkpt>
      <trkpt lat="34.93607" lon="32.85619">
        <ele>1865.42</ele>
      </trkpt>
      <trkpt lat="34.93611" lon="32.85616">
        <ele>1865.35</ele>
      </trkpt>
      <trkpt lat="34.93617" lon="32.85617">
        <ele>1865.55</ele>
      </trkpt>
      <trkpt lat="34.93623" lon="32.85619">
        <ele>1865.75</ele>
      </trkpt>
      <trkpt lat="34.93629" lon="32.85621">
        <ele>1865.9</ele>
      </trkpt>
      <trkpt lat="34.93634" lon="32.85624">
        <ele>1865.99</ele>
      </trkpt>
      <trkpt lat="34.93641" lon="32.85623">
        <ele>1865.84</ele>
      </trkpt>
      <trkpt lat="34.93647" lon="32.85619">
        <ele>1865.29</ele>
      </trkpt>
      <trkpt lat="34.93652" lon="32.85615">
        <ele>1864.72</ele>
      </trkpt>
      <trkpt lat="34.93655" lon="32.85609">
        <ele>1863.8</ele>
      </trkpt>
      <trkpt lat="34.93659" lon="32.85604">
        <ele>1862.29</ele>
      </trkpt>
      <trkpt lat="34.93664" lon="32.85598">
        <ele>1860.46</ele>
      </trkpt>
      <trkpt lat="34.93668" lon="32.85593">
        <ele>1859.41</ele>
      </trkpt>
      <trkpt lat="34.93672" lon="32.85588">
        <ele>1859.41</ele>
      </trkpt>
      <trkpt lat="34.93676" lon="32.85582">
        <ele>1859.46</ele>
      </trkpt>
      <trkpt lat="34.93679" lon="32.85576">
        <ele>1859.35</ele>
      </trkpt>
      <trkpt lat="34.93682" lon="32.8557">
        <ele>1859.28</ele>
      </trkpt>
      <trkpt lat="34.93685" lon="32.85564">
        <ele>1859.26</ele>
      </trkpt>
      <trkpt lat="34.93688" lon="32.85557">
        <ele>1859.13</ele>
      </trkpt>
      <trkpt lat="34.93692" lon="32.85551">
        <ele>1859.85</ele>
      </trkpt>
      <trkpt lat="34.93695" lon="32.85546">
        <ele>1860.55</ele>
      </trkpt>
      <trkpt lat="34.93698" lon="32.85539">
        <ele>1861.34</ele>
      </trkpt>
      <trkpt lat="34.93697" lon="32.85531">
        <ele>1860.34</ele>
      </trkpt>
      <trkpt lat="34.93696" lon="32.85524">
        <ele>1859.66</ele>
      </trkpt>
      <trkpt lat="34.93694" lon="32.85517">
        <ele>1858.82</ele>
      </trkpt>
      <trkpt lat="34.93693" lon="32.8551">
        <ele>1858.39</ele>
      </trkpt>
      <trkpt lat="34.93692" lon="32.85502">
        <ele>1857.95</ele>
      </trkpt>
      <trkpt lat="34.93692" lon="32.85495">
        <ele>1857.76</ele>
      </trkpt>
      <trkpt lat="34.93692" lon="32.85487">
        <ele>1857.48</ele>
      </trkpt>
      <trkpt lat="34.93693" lon="32.85479">
        <ele>1857.62</ele>
      </trkpt>
      <trkpt lat="34.93693" lon="32.85471">
        <ele>1857.33</ele>
      </trkpt>
      <trkpt lat="34.93694" lon="32.85462">
        <ele>1857.45</ele>
      </trkpt>
      <trkpt lat="34.93696" lon="32.85455">
        <ele>1857.87</ele>
      </trkpt>
      <trkpt lat="34.93698" lon="32.85447">
        <ele>1858.14</ele>
      </trkpt>
      <trkpt lat="34.93702" lon="32.85442">
        <ele>1858.83</ele>
      </trkpt>
      <trkpt lat="34.93705" lon="32.85435">
        <ele>1858.86</ele>
      </trkpt>
      <trkpt lat="34.93708" lon="32.85429">
        <ele>1859.21</ele>
      </trkpt>
      <trkpt lat="34.93711" lon="32.85423">
        <ele>1859.75</ele>
      </trkpt>
      <trkpt lat="34.93714" lon="32.85416">
        <ele>1860.31</ele>
      </trkpt>
      <trkpt lat="34.93717" lon="32.8541">
        <ele>1860.35</ele>
      </trkpt>
      <trkpt lat="34.9372" lon="32.85404">
        <ele>1860.34</ele>
      </trkpt>
      <trkpt lat="34.93725" lon="32.854">
        <ele>1859.86</ele>
      </trkpt>
      <trkpt lat="34.93732" lon="32.85396">
        <ele>1857.43</ele>
      </trkpt>
      <trkpt lat="34.93738" lon="32.85395">
        <ele>1855.84</ele>
      </trkpt>
      <trkpt lat="34.93744" lon="32.85396">
        <ele>1854.85</ele>
      </trkpt>
      <trkpt lat="34.9375" lon="32.85397">
        <ele>1853.92</ele>
      </trkpt>
      <trkpt lat="34.93755" lon="32.85401">
        <ele>1854.62</ele>
      </trkpt>
      <trkpt lat="34.93761" lon="32.85405">
        <ele>1855.28</ele>
      </trkpt>
      <trkpt lat="34.93766" lon="32.8541">
        <ele>1856.6</ele>
      </trkpt>
      <trkpt lat="34.93772" lon="32.85415">
        <ele>1857.93</ele>
      </trkpt>
      <trkpt lat="34.93777" lon="32.8542">
        <ele>1859.51</ele>
      </trkpt>
      <trkpt lat="34.93783" lon="32.85423">
        <ele>1859.8</ele>
      </trkpt>
      <trkpt lat="34.93788" lon="32.85428">
        <ele>1861.06</ele>
      </trkpt>
      <trkpt lat="34.93794" lon="32.85428">
        <ele>1859.98</ele>
      </trkpt>
      <trkpt lat="34.938" lon="32.8543">
        <ele>1859.76</ele>
      </trkpt>
      <trkpt lat="34.93806" lon="32.8543">
        <ele>1858.68</ele>
      </trkpt>
      <trkpt lat="34.93811" lon="32.85435">
        <ele>1859.88</ele>
      </trkpt>
      <trkpt lat="34.93817" lon="32.85436">
        <ele>1859.13</ele>
      </trkpt>
      <trkpt lat="34.93823" lon="32.8544">
        <ele>1859.51</ele>
      </trkpt>
      <trkpt lat="34.93828" lon="32.85443">
        <ele>1859.61</ele>
      </trkpt>
      <trkpt lat="34.93834" lon="32.85445">
        <ele>1859.02</ele>
      </trkpt>
      <trkpt lat="34.9384" lon="32.85446">
        <ele>1857.98</ele>
      </trkpt>
      <trkpt lat="34.93845" lon="32.8545">
        <ele>1857.91</ele>
      </trkpt>
      <trkpt lat="34.93851" lon="32.85453">
        <ele>1857.26</ele>
      </trkpt>
      <trkpt lat="34.93857" lon="32.85456">
        <ele>1856.51</ele>
      </trkpt>
      <trkpt lat="34.93862" lon="32.8546">
        <ele>1856.05</ele>
      </trkpt>
      <trkpt lat="34.93868" lon="32.85463">
        <ele>1854.61</ele>
      </trkpt>
      <trkpt lat="34.93874" lon="32.85465">
        <ele>1852.92</ele>
      </trkpt>
      <trkpt lat="34.93879" lon="32.85468">
        <ele>1851.75</ele>
      </trkpt>
      <trkpt lat="34.93883" lon="32.85474">
        <ele>1851.58</ele>
      </trkpt>
      <trkpt lat="34.93886" lon="32.8548">
        <ele>1852.03</ele>
      </trkpt>
      <trkpt lat="34.93889" lon="32.85486">
        <ele>1852.42</ele>
      </trkpt>
      <trkpt lat="34.93892" lon="32.85493">
        <ele>1852.75</ele>
      </trkpt>
      <trkpt lat="34.93896" lon="32.85498">
        <ele>1851.97</ele>
      </trkpt>
      <trkpt lat="34.93899" lon="32.85505">
        <ele>1852.21</ele>
      </trkpt>
      <trkpt lat="34.93902" lon="32.85511">
        <ele>1852.19</ele>
      </trkpt>
      <trkpt lat="34.93906" lon="32.85517">
        <ele>1851.52</ele>
      </trkpt>
      <trkpt lat="34.93909" lon="32.85523">
        <ele>1851.29</ele>
      </trkpt>
      <trkpt lat="34.93912" lon="32.85529">
        <ele>1850.93</ele>
      </trkpt>
      <trkpt lat="34.93916" lon="32.85535">
        <ele>1849.7</ele>
      </trkpt>
      <trkpt lat="34.93919" lon="32.85541">
        <ele>1848.99</ele>
      </trkpt>
      <trkpt lat="34.93922" lon="32.85547">
        <ele>1848.4</ele>
      </trkpt>
      <trkpt lat="34.93926" lon="32.85553">
        <ele>1847.41</ele>
      </trkpt>
      <trkpt lat="34.93926" lon="32.85553">
        <ele>1847.41</ele>
      </trkpt>
      <trkpt lat="34.9393" lon="32.85559">
        <ele>1846.92</ele>
      </trkpt>
      <trkpt lat="34.93933" lon="32.85565">
        <ele>1847.18</ele>
      </trkpt>
      <trkpt lat="34.93938" lon="32.8557">
        <ele>1845.88</ele>
      </trkpt>
      <trkpt lat="34.9394" lon="32.85577">
        <ele>1846.82</ele>
      </trkpt>
      <trkpt lat="34.93943" lon="32.85583">
        <ele>1846.79</ele>
      </trkpt>
      <trkpt lat="34.93945" lon="32.8559">
        <ele>1847.18</ele>
      </trkpt>
      <trkpt lat="34.9395" lon="32.85595">
        <ele>1845.84</ele>
      </trkpt>
      <trkpt lat="34.93954" lon="32.85601">
        <ele>1845.13</ele>
      </trkpt>
      <trkpt lat="34.9396" lon="32.85606">
        <ele>1843.16</ele>
      </trkpt>
      <trkpt lat="34.93965" lon="32.85611">
        <ele>1841.62</ele>
      </trkpt>
      <trkpt lat="34.93969" lon="32.85616">
        <ele>1840.04</ele>
      </trkpt>
      <trkpt lat="34.93974" lon="32.85622">
        <ele>1838.04</ele>
      </trkpt>
      <trkpt lat="34.93976" lon="32.85628">
        <ele>1837.67</ele>
      </trkpt>
      <trkpt lat="34.93979" lon="32.85635">
        <ele>1837.0</ele>
      </trkpt>
      <trkpt lat="34.93981" lon="32.85642">
        <ele>1837.01</ele>
      </trkpt>
      <trkpt lat="34.93984" lon="32.85648">
        <ele>1836.7</ele>
      </trkpt>
      <trkpt lat="34.93985" lon="32.85655">
        <ele>1837.31</ele>
      </trkpt>
      <trkpt lat="34.93988" lon="32.85662">
        <ele>1836.97</ele>
      </trkpt>
      <trkpt lat="34.93987" lon="32.8567">
        <ele>1838.75</ele>
      </trkpt>
      <trkpt lat="34.93989" lon="32.85677">
        <ele>1839.23</ele>
      </trkpt>
      <trkpt lat="34.93988" lon="32.85685">
        <ele>1841.29</ele>
      </trkpt>
      <trkpt lat="34.93991" lon="32.85691">
        <ele>1841.18</ele>
      </trkpt>
      <trkpt lat="34.93993" lon="32.85698">
        <ele>1841.92</ele>
      </trkpt>
      <trkpt lat="34.93998" lon="32.85703">
        <ele>1841.02</ele>
      </trkpt>
      <trkpt lat="34.94001" lon="32.85709">
        <ele>1841.43</ele>
      </trkpt>
      <trkpt lat="34.94005" lon="32.85715">
        <ele>1842.05</ele>
      </trkpt>
      <trkpt lat="34.94009" lon="32.85721">
        <ele>1842.73</ele>
      </trkpt>
      <trkpt lat="34.94012" lon="32.85727">
        <ele>1842.8</ele>
      </trkpt>
      <trkpt lat="34.94015" lon="32.85733">
        <ele>1842.47</ele>
      </trkpt>
      <trkpt lat="34.94018" lon="32.85739">
        <ele>1841.96</ele>
      </trkpt>
      <trkpt lat="34.94021" lon="32.85746">
        <ele>1841.3</ele>
      </trkpt>
      <trkpt lat="34.94022" lon="32.85753">
        <ele>1841.23</ele>
      </trkpt>
      <trkpt lat="34.94025" lon="32.85759">
        <ele>1840.39</ele>
      </trkpt>
      <trkpt lat="34.94027" lon="32.85766">
        <ele>1839.89</ele>
      </trkpt>
      <trkpt lat="34.9403" lon="32.85772">
        <ele>1839.15</ele>
      </trkpt>
      <trkpt lat="34.94031" lon="32.85779">
        <ele>1839.2</ele>
      </trkpt>
      <trkpt lat="34.94034" lon="32.85786">
        <ele>1839.03</ele>
      </trkpt>
      <trkpt lat="34.94033" lon="32.85794">
        <ele>1840.14</ele>
      </trkpt>
      <trkpt lat="34.94035" lon="32.85801">
        <ele>1840.21</ele>
      </trkpt>
      <trkpt lat="34.94034" lon="32.85809">
        <ele>1841.05</ele>
      </trkpt>
      <trkpt lat="34.94035" lon="32.85812">
        <ele>1840.77</ele>
      </trkpt>
      <trkpt lat="34.94037" lon="32.85815">
        <ele>1840.13</ele>
      </trkpt>
      <trkpt lat="34.94038" lon="32.85822">
        <ele>1839.84</ele>
      </trkpt>
      <trkpt lat="34.9404" lon="32.85829">
        <ele>1839.14</ele>
      </trkpt>
      <trkpt lat="34.94042" lon="32.85836">
        <ele>1838.56</ele>
      </trkpt>
      <trkpt lat="34.94043" lon="32.85843">
        <ele>1838.67</ele>
      </trkpt>
      <trkpt lat="34.94044" lon="32.85851">
        <ele>1838.85</ele>
      </trkpt>
      <trkpt lat="34.94044" lon="32.85859">
        <ele>1839.42</ele>
      </trkpt>
      <trkpt lat="34.94045" lon="32.85866">
        <ele>1839.53</ele>
      </trkpt>
      <trkpt lat="34.94045" lon="32.85874">
        <ele>1840.11</ele>
      </trkpt>
      <trkpt lat="34.94049" lon="32.85879">
        <ele>1838.88</ele>
      </trkpt>
      <trkpt lat="34.94053" lon="32.85885">
        <ele>1837.73</ele>
      </trkpt>
      <trkpt lat="34.94053" lon="32.85893">
        <ele>1838.44</ele>
      </trkpt>
      <trkpt lat="34.94052" lon="32.85901">
        <ele>1839.66</ele>
      </trkpt>
      <trkpt lat="34.94053" lon="32.85909">
        <ele>1840.12</ele>
      </trkpt>
      <trkpt lat="34.94052" lon="32.85917">
        <ele>1841.32</ele>
      </trkpt>
      <trkpt lat="34.94055" lon="32.85923">
        <ele>1840.91</ele>
      </trkpt>
      <trkpt lat="34.94057" lon="32.85929">
        <ele>1840.63</ele>
      </trkpt>
      <trkpt lat="34.9406" lon="32.85936">
        <ele>1839.96</ele>
      </trkpt>
      <trkpt lat="34.94063" lon="32.85942">
        <ele>1839.23</ele>
      </trkpt>
      <trkpt lat="34.94066" lon="32.85948">
        <ele>1838.46</ele>
      </trkpt>
      <trkpt lat="34.94069" lon="32.85955">
        <ele>1837.5</ele>
      </trkpt>
      <trkpt lat="34.94071" lon="32.85962">
        <ele>1836.82</ele>
      </trkpt>
      <trkpt lat="34.94073" lon="32.85968">
        <ele>1835.88</ele>
      </trkpt>
      <trkpt lat="34.94075" lon="32.85975">
        <ele>1835.03</ele>
      </trkpt>
      <trkpt lat="34.94078" lon="32.85981">
        <ele>1833.66</ele>
      </trkpt>
      <trkpt lat="34.94077" lon="32.85989">
        <ele>1835.28</ele>
      </trkpt>
      <trkpt lat="34.94079" lon="32.85996">
        <ele>1834.67</ele>
      </trkpt>
      <trkpt lat="34.94078" lon="32.86005">
        <ele>1836.39</ele>
      </trkpt>
      <trkpt lat="34.94081" lon="32.86011">
        <ele>1835.1</ele>
      </trkpt>
      <trkpt lat="34.94084" lon="32.86017">
        <ele>1834.16</ele>
      </trkpt>
      <trkpt lat="34.94086" lon="32.86024">
        <ele>1834.3</ele>
      </trkpt>
      <trkpt lat="34.94089" lon="32.8603">
        <ele>1833.66</ele>
      </trkpt>
      <trkpt lat="34.94092" lon="32.86036">
        <ele>1832.74</ele>
      </trkpt>
      <trkpt lat="34.94094" lon="32.86043">
        <ele>1832.36</ele>
      </trkpt>
      <trkpt lat="34.94095" lon="32.8605">
        <ele>1832.43</ele>
      </trkpt>
      <trkpt lat="34.94097" lon="32.86057">
        <ele>1831.98</ele>
      </trkpt>
      <trkpt lat="34.94097" lon="32.86065">
        <ele>1831.39</ele>
      </trkpt>
      <trkpt lat="34.94098" lon="32.86072">
        <ele>1830.57</ele>
      </trkpt>
      <trkpt lat="34.94098" lon="32.8608">
        <ele>1830.01</ele>
      </trkpt>
      <trkpt lat="34.94097" lon="32.86088">
        <ele>1829.98</ele>
      </trkpt>
      <trkpt lat="34.94096" lon="32.86096">
        <ele>1830.1</ele>
      </trkpt>
      <trkpt lat="34.94095" lon="32.86105">
        <ele>1830.19</ele>
      </trkpt>
      <trkpt lat="34.94093" lon="32.86112">
        <ele>1830.64</ele>
      </trkpt>
      <trkpt lat="34.94091" lon="32.86119">
        <ele>1831.71</ele>
      </trkpt>
      <trkpt lat="34.94089" lon="32.86127">
        <ele>1832.83</ele>
      </trkpt>
      <trkpt lat="34.94086" lon="32.86133">
        <ele>1833.98</ele>
      </trkpt>
      <trkpt lat="34.94083" lon="32.86139">
        <ele>1835.11</ele>
      </trkpt>
      <trkpt lat="34.94081" lon="32.86146">
        <ele>1836.4</ele>
      </trkpt>
      <trkpt lat="34.94078" lon="32.86153">
        <ele>1837.86</ele>
      </trkpt>
      <trkpt lat="34.94075" lon="32.86159">
        <ele>1839.14</ele>
      </trkpt>
      <trkpt lat="34.94073" lon="32.86166">
        <ele>1840.18</ele>
      </trkpt>
      <trkpt lat="34.9407" lon="32.86173">
        <ele>1841.32</ele>
      </trkpt>
      <trkpt lat="34.94069" lon="32.86181">
        <ele>1842.16</ele>
      </trkpt>
      <trkpt lat="34.9407" lon="32.86188">
        <ele>1842.35</ele>
      </trkpt>
      <trkpt lat="34.94072" lon="32.86195">
        <ele>1842.05</ele>
      </trkpt>
      <trkpt lat="34.94072" lon="32.86202">
        <ele>1841.65</ele>
      </trkpt>
      <trkpt lat="34.9407" lon="32.86209">
        <ele>1842.0</ele>
      </trkpt>
      <trkpt lat="34.94067" lon="32.86216">
        <ele>1842.78</ele>
      </trkpt>
      <trkpt lat="34.94065" lon="32.86223">
        <ele>1843.19</ele>
      </trkpt>
      <trkpt lat="34.94063" lon="32.8623">
        <ele>1843.29</ele>
      </trkpt>
      <trkpt lat="34.94062" lon="32.86239">
        <ele>1842.78</ele>
      </trkpt>
      <trkpt lat="34.9406" lon="32.86246">
        <ele>1842.81</ele>
      </trkpt>
      <trkpt lat="34.94059" lon="32.86254">
        <ele>1842.18</ele>
      </trkpt>
      <trkpt lat="34.94055" lon="32.86259">
        <ele>1842.95</ele>
      </trkpt>
      <trkpt lat="34.94052" lon="32.86266">
        <ele>1843.31</ele>
      </trkpt>
      <trkpt lat="34.94048" lon="32.86271">
        <ele>1844.45</ele>
      </trkpt>
      <trkpt lat="34.94047" lon="32.86279">
        <ele>1843.74</ele>
      </trkpt>
      <trkpt lat="34.94044" lon="32.86286">
        <ele>1843.56</ele>
      </trkpt>
      <trkpt lat="34.94042" lon="32.86293">
        <ele>1842.8</ele>
      </trkpt>
      <trkpt lat="34.9404" lon="32.863">
        <ele>1841.94</ele>
      </trkpt>
      <trkpt lat="34.94038" lon="32.86307">
        <ele>1840.91</ele>
      </trkpt>
      <trkpt lat="34.94036" lon="32.86315">
        <ele>1839.24</ele>
      </trkpt>
      <trkpt lat="34.94034" lon="32.86322">
        <ele>1837.64</ele>
      </trkpt>
      <trkpt lat="34.94033" lon="32.8633">
        <ele>1835.31</ele>
      </trkpt>
      <trkpt lat="34.94029" lon="32.86335">
        <ele>1834.87</ele>
      </trkpt>
      <trkpt lat="34.94026" lon="32.86342">
        <ele>1835.84</ele>
      </trkpt>
      <trkpt lat="34.94022" lon="32.86348">
        <ele>1836.83</ele>
      </trkpt>
      <trkpt lat="34.94019" lon="32.86354">
        <ele>1837.1</ele>
      </trkpt>
      <trkpt lat="34.94016" lon="32.86361">
        <ele>1836.86</ele>
      </trkpt>
      <trkpt lat="34.94013" lon="32.86367">
        <ele>1835.27</ele>
      </trkpt>
      <trkpt lat="34.9401" lon="32.86373">
        <ele>1833.7</ele>
      </trkpt>
      <trkpt lat="34.94007" lon="32.86379">
        <ele>1832.18</ele>
      </trkpt>
      <trkpt lat="34.94004" lon="32.86386">
        <ele>1830.41</ele>
      </trkpt>
      <trkpt lat="34.94001" lon="32.86392">
        <ele>1829.1</ele>
      </trkpt>
      <trkpt lat="34.93999" lon="32.86399">
        <ele>1827.55</ele>
      </trkpt>
      <trkpt lat="34.93996" lon="32.86406">
        <ele>1826.15</ele>
      </trkpt>
      <trkpt lat="34.93993" lon="32.86413">
        <ele>1824.87</ele>
      </trkpt>
      <trkpt lat="34.93987" lon="32.86416">
        <ele>1825.02</ele>
      </trkpt>
      <trkpt lat="34.93983" lon="32.86421">
        <ele>1823.11</ele>
      </trkpt>
      <trkpt lat="34.93978" lon="32.86426">
        <ele>1821.13</ele>
      </trkpt>
      <trkpt lat="34.93975" lon="32.86427">
        <ele>1821.02</ele>
      </trkpt>
      <trkpt lat="34.93973" lon="32.8643">
        <ele>1819.69</ele>
      </trkpt>
      <trkpt lat="34.93968" lon="32.86435">
        <ele>1817.95</ele>
      </trkpt>
      <trkpt lat="34.93964" lon="32.8644">
        <ele>1816.59</ele>
      </trkpt>
      <trkpt lat="34.93959" lon="32.86445">
        <ele>1816.2</ele>
      </trkpt>
      <trkpt lat="34.93954" lon="32.86449">
        <ele>1817.09</ele>
      </trkpt>
      <trkpt lat="34.93948" lon="32.86453">
        <ele>1818.12</ele>
      </trkpt>
      <trkpt lat="34.93943" lon="32.86458">
        <ele>1818.33</ele>
      </trkpt>
      <trkpt lat="34.93937" lon="32.86461">
        <ele>1818.82</ele>
      </trkpt>
      <trkpt lat="34.93934" lon="32.86467">
        <ele>1818.24</ele>
      </trkpt>
      <trkpt lat="34.9393" lon="32.86473">
        <ele>1817.98</ele>
      </trkpt>
      <trkpt lat="34.93928" lon="32.86481">
        <ele>1817.03</ele>
      </trkpt>
      <trkpt lat="34.93925" lon="32.86487">
        <ele>1816.75</ele>
      </trkpt>
      <trkpt lat="34.93923" lon="32.86494">
        <ele>1816.14</ele>
      </trkpt>
      <trkpt lat="34.93921" lon="32.86501">
        <ele>1815.57</ele>
      </trkpt>
      <trkpt lat="34.93919" lon="32.86509">
        <ele>1814.71</ele>
      </trkpt>
      <trkpt lat="34.93916" lon="32.86515">
        <ele>1814.67</ele>
      </trkpt>
      <trkpt lat="34.93914" lon="32.86522">
        <ele>1814.61</ele>
      </trkpt>
      <trkpt lat="34.93912" lon="32.8653">
        <ele>1814.42</ele>
      </trkpt>
      <trkpt lat="34.9391" lon="32.86537">
        <ele>1814.03</ele>
      </trkpt>
      <trkpt lat="34.93908" lon="32.86544">
        <ele>1813.33</ele>
      </trkpt>
      <trkpt lat="34.93909" lon="32.86552">
        <ele>1811.04</ele>
      </trkpt>
      <trkpt lat="34.93908" lon="32.8656">
        <ele>1810.4</ele>
      </trkpt>
      <trkpt lat="34.9391" lon="32.86566">
        <ele>1809.74</ele>
      </trkpt>
      <trkpt lat="34.93912" lon="32.86573">
        <ele>1809.13</ele>
      </trkpt>
      <trkpt lat="34.93918" lon="32.86578">
        <ele>1807.98</ele>
      </trkpt>
      <trkpt lat="34.93922" lon="32.86584">
        <ele>1808.1</ele>
      </trkpt>
      <trkpt lat="34.93927" lon="32.86587">
        <ele>1808.53</ele>
      </trkpt>
      <trkpt lat="34.93933" lon="32.86591">
        <ele>1809.1</ele>
      </trkpt>
      <trkpt lat="34.93939" lon="32.86593">
        <ele>1809.39</ele>
      </trkpt>
      <trkpt lat="34.93941" lon="32.86599">
        <ele>1810.26</ele>
      </trkpt>
      <trkpt lat="34.93946" lon="32.86601">
        <ele>1810.25</ele>
      </trkpt>
      <trkpt lat="34.93949" lon="32.86607">
        <ele>1810.38</ele>
      </trkpt>
      <trkpt lat="34.93955" lon="32.86609">
        <ele>1809.18</ele>
      </trkpt>
      <trkpt lat="34.93961" lon="32.86611">
        <ele>1807.82</ele>
      </trkpt>
      <trkpt lat="34.93964" lon="32.86616">
        <ele>1807.09</ele>
      </trkpt>
      <trkpt lat="34.93965" lon="32.86624">
        <ele>1806.92</ele>
      </trkpt>
      <trkpt lat="34.93963" lon="32.86629">
        <ele>1807.33</ele>
      </trkpt>
      <trkpt lat="34.93958" lon="32.8663">
        <ele>1808.22</ele>
      </trkpt>
      <trkpt lat="34.93954" lon="32.86634">
        <ele>1808.79</ele>
      </trkpt>
      <trkpt lat="34.93949" lon="32.86637">
        <ele>1809.45</ele>
      </trkpt>
      <trkpt lat="34.93945" lon="32.86642">
        <ele>1810.03</ele>
      </trkpt>
      <trkpt lat="34.93942" lon="32.86648">
        <ele>1810.74</ele>
      </trkpt>
      <trkpt lat="34.93938" lon="32.86654">
        <ele>1811.43</ele>
      </trkpt>
      <trkpt lat="34.93936" lon="32.86661">
        <ele>1811.65</ele>
      </trkpt>
      <trkpt lat="34.93932" lon="32.86666">
        <ele>1811.92</ele>
      </trkpt>
      <trkpt lat="34.93928" lon="32.8667">
        <ele>1812.04</ele>
      </trkpt>
      <trkpt lat="34.93923" lon="32.86669">
        <ele>1812.49</ele>
      </trkpt>
      <trkpt lat="34.93918" lon="32.8667">
        <ele>1812.89</ele>
      </trkpt>
      <trkpt lat="34.93914" lon="32.86669">
        <ele>1814.3</ele>
      </trkpt>
      <trkpt lat="34.93912" lon="32.86669">
        <ele>1815.28</ele>
      </trkpt>
      <trkpt lat="34.93906" lon="32.86672">
        <ele>1818.01</ele>
      </trkpt>
      <trkpt lat="34.939" lon="32.86673">
        <ele>1820.72</ele>
      </trkpt>
      <trkpt lat="34.93894" lon="32.86677">
        <ele>1822.91</ele>
      </trkpt>
      <trkpt lat="34.93889" lon="32.8668">
        <ele>1824.55</ele>
      </trkpt>
      <trkpt lat="34.93885" lon="32.86685">
        <ele>1824.91</ele>
      </trkpt>
      <trkpt lat="34.93879" lon="32.86685">
        <ele>1826.78</ele>
      </trkpt>
      <trkpt lat="34.93874" lon="32.86688">
        <ele>1827.86</ele>
      </trkpt>
      <trkpt lat="34.93868" lon="32.8669">
        <ele>1829.45</ele>
      </trkpt>
      <trkpt lat="34.93862" lon="32.86693">
        <ele>1830.92</ele>
      </trkpt>
      <trkpt lat="34.93855" lon="32.86696">
        <ele>1833.08</ele>
      </trkpt>
      <trkpt lat="34.93849" lon="32.86699">
        <ele>1834.81</ele>
      </trkpt>
      <trkpt lat="34.93843" lon="32.86701">
        <ele>1836.76</ele>
      </trkpt>
      <trkpt lat="34.93836" lon="32.86704">
        <ele>1838.88</ele>
      </trkpt>
      <trkpt lat="34.93831" lon="32.86703">
        <ele>1840.72</ele>
      </trkpt>
      <trkpt lat="34.93825" lon="32.86703">
        <ele>1842.18</ele>
      </trkpt>
      <trkpt lat="34.93819" lon="32.86701">
        <ele>1844.22</ele>
      </trkpt>
      <trkpt lat="34.93813" lon="32.86703">
        <ele>1845.11</ele>
      </trkpt>
      <trkpt lat="34.93808" lon="32.86707">
        <ele>1844.94</ele>
      </trkpt>
      <trkpt lat="34.93805" lon="32.86714">
        <ele>1843.05</ele>
      </trkpt>
      <trkpt lat="34.93801" lon="32.86719">
        <ele>1841.94</ele>
      </trkpt>
      <trkpt lat="34.93798" lon="32.86726">
        <ele>1840.11</ele>
      </trkpt>
      <trkpt lat="34.93794" lon="32.86731">
        <ele>1839.31</ele>
      </trkpt>
      <trkpt lat="34.9379" lon="32.86736">
        <ele>1838.67</ele>
      </trkpt>
      <trkpt lat="34.93787" lon="32.86739">
        <ele>1838.51</ele>
      </trkpt>
      <trkpt lat="34.93785" lon="32.86742">
        <ele>1838.16</ele>
      </trkpt>
      <trkpt lat="34.93782" lon="32.86748">
        <ele>1837.32</ele>
      </trkpt>
      <trkpt lat="34.93779" lon="32.86754">
        <ele>1836.08</ele>
      </trkpt>
      <trkpt lat="34.93776" lon="32.8676">
        <ele>1834.42</ele>
      </trkpt>
      <trkpt lat="34.93773" lon="32.86767">
        <ele>1832.3</ele>
      </trkpt>
      <trkpt lat="34.9377" lon="32.86773">
        <ele>1830.57</ele>
      </trkpt>
      <trkpt lat="34.93767" lon="32.86779">
        <ele>1829.15</ele>
      </trkpt>
      <trkpt lat="34.93764" lon="32.86785">
        <ele>1828.94</ele>
      </trkpt>
      <trkpt lat="34.93761" lon="32.86792">
        <ele>1828.58</ele>
      </trkpt>
      <trkpt lat="34.93758" lon="32.86798">
        <ele>1828.36</ele>
      </trkpt>
      <trkpt lat="34.93754" lon="32.86804">
        <ele>1828.36</ele>
      </trkpt>
      <trkpt lat="34.9375" lon="32.86809">
        <ele>1828.88</ele>
      </trkpt>
      <trkpt lat="34.93746" lon="32.86815">
        <ele>1829.71</ele>
      </trkpt>
      <trkpt lat="34.93742" lon="32.8682">
        <ele>1830.48</ele>
      </trkpt>
      <trkpt lat="34.93738" lon="32.86825">
        <ele>1831.15</ele>
      </trkpt>
      <trkpt lat="34.93734" lon="32.86831">
        <ele>1831.64</ele>
      </trkpt>
      <trkpt lat="34.93733" lon="32.86839">
        <ele>1831.18</ele>
      </trkpt>
      <trkpt lat="34.93729" lon="32.86845">
        <ele>1831.59</ele>
      </trkpt>
      <trkpt lat="34.93728" lon="32.86853">
        <ele>1831.19</ele>
      </trkpt>
      <trkpt lat="34.93724" lon="32.86859">
        <ele>1831.71</ele>
      </trkpt>
      <trkpt lat="34.93721" lon="32.86865">
        <ele>1831.66</ele>
      </trkpt>
      <trkpt lat="34.93717" lon="32.8687">
        <ele>1831.96</ele>
      </trkpt>
      <trkpt lat="34.93714" lon="32.86877">
        <ele>1831.68</ele>
      </trkpt>
      <trkpt lat="34.9371" lon="32.86882">
        <ele>1832.09</ele>
      </trkpt>
      <trkpt lat="34.93707" lon="32.86888">
        <ele>1832.07</ele>
      </trkpt>
      <trkpt lat="34.93704" lon="32.86894">
        <ele>1831.79</ele>
      </trkpt>
      <trkpt lat="34.93701" lon="32.86901">
        <ele>1831.39</ele>
      </trkpt>
      <trkpt lat="34.93697" lon="32.86907">
        <ele>1831.73</ele>
      </trkpt>
      <trkpt lat="34.93694" lon="32.86913">
        <ele>1831.85</ele>
      </trkpt>
      <trkpt lat="34.93691" lon="32.86919">
        <ele>1831.31</ele>
      </trkpt>
      <trkpt lat="34.93688" lon="32.86926">
        <ele>1829.08</ele>
      </trkpt>
      <trkpt lat="34.93685" lon="32.86932">
        <ele>1827.35</ele>
      </trkpt>
      <trkpt lat="34.93682" lon="32.86938">
        <ele>1825.62</ele>
      </trkpt>
      <trkpt lat="34.93679" lon="32.86945">
        <ele>1823.5</ele>
      </trkpt>
      <trkpt lat="34.93676" lon="32.86951">
        <ele>1822.85</ele>
      </trkpt>
      <trkpt lat="34.93672" lon="32.86956">
        <ele>1822.78</ele>
      </trkpt>
      <trkpt lat="34.93668" lon="32.86962">
        <ele>1822.2</ele>
      </trkpt>
      <trkpt lat="34.93664" lon="32.86968">
        <ele>1821.55</ele>
      </trkpt>
      <trkpt lat="34.9366" lon="32.86973">
        <ele>1821.18</ele>
      </trkpt>
      <trkpt lat="34.93656" lon="32.86978">
        <ele>1821.18</ele>
      </trkpt>
      <trkpt lat="34.93652" lon="32.86983">
        <ele>1821.18</ele>
      </trkpt>
      <trkpt lat="34.93646" lon="32.86988">
        <ele>1821.9</ele>
      </trkpt>
      <trkpt lat="34.93641" lon="32.86992">
        <ele>1822.54</ele>
      </trkpt>
      <trkpt lat="34.93636" lon="32.86996">
        <ele>1822.94</ele>
      </trkpt>
      <trkpt lat="34.9363" lon="32.87">
        <ele>1823.24</ele>
      </trkpt>
      <trkpt lat="34.93623" lon="32.87003">
        <ele>1823.99</ele>
      </trkpt>
      <trkpt lat="34.93617" lon="32.87006">
        <ele>1824.2</ele>
      </trkpt>
      <trkpt lat="34.9361" lon="32.87009">
        <ele>1824.32</ele>
      </trkpt>
      <trkpt lat="34.93604" lon="32.87013">
        <ele>1823.78</ele>
      </trkpt>
      <trkpt lat="34.93598" lon="32.87016">
        <ele>1823.72</ele>
      </trkpt>
      <trkpt lat="34.93591" lon="32.87019">
        <ele>1823.91</ele>
      </trkpt>
      <trkpt lat="34.93585" lon="32.87021">
        <ele>1824.34</ele>
      </trkpt>
      <trkpt lat="34.93579" lon="32.87024">
        <ele>1823.91</ele>
      </trkpt>
      <trkpt lat="34.93573" lon="32.87023">
        <ele>1824.96</ele>
      </trkpt>
      <trkpt lat="34.93567" lon="32.87021">
        <ele>1826.58</ele>
      </trkpt>
      <trkpt lat="34.93561" lon="32.87019">
        <ele>1828.35</ele>
      </trkpt>
      <trkpt lat="34.93556" lon="32.87017">
        <ele>1830.14</ele>
      </trkpt>
      <trkpt lat="34.9355" lon="32.87016">
        <ele>1829.73</ele>
      </trkpt>
      <trkpt lat="34.93544" lon="32.87014">
        <ele>1829.65</ele>
      </trkpt>
      <trkpt lat="34.93538" lon="32.87012">
        <ele>1829.48</ele>
      </trkpt>
      <trkpt lat="34.93532" lon="32.87011">
        <ele>1828.74</ele>
      </trkpt>
      <trkpt lat="34.93527" lon="32.87009">
        <ele>1828.68</ele>
      </trkpt>
      <trkpt lat="34.93521" lon="32.87006">
        <ele>1829.13</ele>
      </trkpt>
      <trkpt lat="34.93515" lon="32.87004">
        <ele>1829.03</ele>
      </trkpt>
      <trkpt lat="34.93509" lon="32.87002">
        <ele>1828.83</ele>
      </trkpt>
      <trkpt lat="34.93504" lon="32.87001">
        <ele>1828.34</ele>
      </trkpt>
      <trkpt lat="34.93498" lon="32.86999">
        <ele>1828.61</ele>
      </trkpt>
      <trkpt lat="34.93492" lon="32.86999">
        <ele>1829.02</ele>
      </trkpt>
      <trkpt lat="34.93486" lon="32.86998">
        <ele>1829.87</ele>
      </trkpt>
      <trkpt lat="34.9348" lon="32.86999">
        <ele>1829.86</ele>
      </trkpt>
      <trkpt lat="34.93475" lon="32.87003">
        <ele>1829.01</ele>
      </trkpt>
      <trkpt lat="34.93471" lon="32.87009">
        <ele>1828.1</ele>
      </trkpt>
      <trkpt lat="34.93467" lon="32.87015">
        <ele>1827.59</ele>
      </trkpt>
      <trkpt lat="34.93464" lon="32.87021">
        <ele>1826.55</ele>
      </trkpt>
      <trkpt lat="34.93458" lon="32.87024">
        <ele>1826.86</ele>
      </trkpt>
      <trkpt lat="34.93453" lon="32.87029">
        <ele>1826.11</ele>
      </trkpt>
      <trkpt lat="34.93446" lon="32.87032">
        <ele>1826.5</ele>
      </trkpt>
      <trkpt lat="34.9344" lon="32.87035">
        <ele>1826.84</ele>
      </trkpt>
      <trkpt lat="34.93433" lon="32.87038">
        <ele>1827.38</ele>
      </trkpt>
      <trkpt lat="34.93427" lon="32.87042">
        <ele>1827.35</ele>
      </trkpt>
      <trkpt lat="34.93421" lon="32.87045">
        <ele>1827.58</ele>
      </trkpt>
      <trkpt lat="34.93415" lon="32.87048">
        <ele>1827.61</ele>
      </trkpt>
      <trkpt lat="34.93408" lon="32.87051">
        <ele>1827.36</ele>
      </trkpt>
      <trkpt lat="34.93402" lon="32.87055">
        <ele>1826.75</ele>
      </trkpt>
      <trkpt lat="34.93395" lon="32.87058">
        <ele>1826.69</ele>
      </trkpt>
      <trkpt lat="34.93389" lon="32.87061">
        <ele>1826.61</ele>
      </trkpt>
      <trkpt lat="34.93383" lon="32.87065">
        <ele>1826.75</ele>
      </trkpt>
      <trkpt lat="34.93376" lon="32.87068">
        <ele>1827.39</ele>
      </trkpt>
      <trkpt lat="34.9337" lon="32.8707">
        <ele>1828.11</ele>
      </trkpt>
      <trkpt lat="34.93364" lon="32.87071">
        <ele>1829.09</ele>
      </trkpt>
      <trkpt lat="34.93358" lon="32.87073">
        <ele>1830.07</ele>
      </trkpt>
      <trkpt lat="34.93352" lon="32.87073">
        <ele>1831.7</ele>
      </trkpt>
      <trkpt lat="34.93346" lon="32.87073">
        <ele>1833.32</ele>
      </trkpt>
      <trkpt lat="34.9334" lon="32.87074">
        <ele>1834.83</ele>
      </trkpt>
      <trkpt lat="34.93334" lon="32.87074">
        <ele>1836.49</ele>
      </trkpt>
      <trkpt lat="34.93328" lon="32.87074">
        <ele>1836.99</ele>
      </trkpt>
      <trkpt lat="34.93322" lon="32.87076">
        <ele>1837.24</ele>
      </trkpt>
      <trkpt lat="34.93315" lon="32.87078">
        <ele>1837.58</ele>
      </trkpt>
      <trkpt lat="34.93309" lon="32.87079">
        <ele>1837.93</ele>
      </trkpt>
      <trkpt lat="34.93303" lon="32.87082">
        <ele>1838.42</ele>
      </trkpt>
      <trkpt lat="34.93297" lon="32.87086">
        <ele>1839.42</ele>
      </trkpt>
      <trkpt lat="34.9329" lon="32.87087">
        <ele>1840.5</ele>
      </trkpt>
      <trkpt lat="34.93284" lon="32.87089">
        <ele>1841.51</ele>
      </trkpt>
      <trkpt lat="34.93278" lon="32.87089">
        <ele>1842.38</ele>
      </trkpt>
      <trkpt lat="34.93273" lon="32.8709">
        <ele>1843.22</ele>
      </trkpt>
      <trkpt lat="34.93272" lon="32.87091">
        <ele>1843.42</ele>
      </trkpt>
      <trkpt lat="34.93267" lon="32.87095">
        <ele>1844.29</ele>
      </trkpt>
      <trkpt lat="34.93266" lon="32.87101">
        <ele>1844.58</ele>
      </trkpt>
      <trkpt lat="34.9327" lon="32.87107">
        <ele>1844.39</ele>
      </trkpt>
      <trkpt lat="34.93276" lon="32.87112">
        <ele>1844.13</ele>
      </trkpt>
      <trkpt lat="34.93281" lon="32.87114">
        <ele>1843.54</ele>
      </trkpt>
      <trkpt lat="34.93287" lon="32.87117">
        <ele>1842.67</ele>
      </trkpt>
      <trkpt lat="34.93293" lon="32.8712">
        <ele>1841.81</ele>
      </trkpt>
      <trkpt lat="34.93298" lon="32.87124">
        <ele>1841.09</ele>
      </trkpt>
      <trkpt lat="34.93304" lon="32.87129">
        <ele>1840.22</ele>
      </trkpt>
      <trkpt lat="34.93309" lon="32.87134">
        <ele>1838.75</ele>
      </trkpt>
      <trkpt lat="34.93315" lon="32.87139">
        <ele>1836.26</ele>
      </trkpt>
      <trkpt lat="34.9332" lon="32.87144">
        <ele>1834.46</ele>
      </trkpt>
      <trkpt lat="34.93322" lon="32.87146">
        <ele>1833.74</ele>
      </trkpt>
      <trkpt lat="34.93322" lon="32.87146">
        <ele>1833.74</ele>
      </trkpt>
      <trkpt lat="34.93323" lon="32.87145">
        <ele>1833.31</ele>
      </trkpt>
      <trkpt lat="34.93332" lon="32.87162">
        <ele>1830.36</ele>
      </trkpt>
      <trkpt lat="34.93327" lon="32.87177">
        <ele>1832.46</ele>
      </trkpt>
      <trkpt lat="34.93327" lon="32.87188">
        <ele>1832.4</ele>
      </trkpt>
      <trkpt lat="34.93327" lon="32.87202">
        <ele>1831.45</ele>
      </trkpt>
      <trkpt lat="34.93322" lon="32.87211">
        <ele>1830.8</ele>
      </trkpt>
      <trkpt lat="34.93314" lon="32.87211">
        <ele>1831.5</ele>
      </trkpt>
      <trkpt lat="34.93314" lon="32.87211">
        <ele>1831.5</ele>
      </trkpt>
      <trkpt lat="34.93315" lon="32.87211">
        <ele>1831.41</ele>
      </trkpt>
      <trkpt lat="34.93315" lon="32.87211">
        <ele>1831.41</ele>
      </trkpt>
      <trkpt lat="34.93317" lon="32.872">
        <ele>1833.42</ele>
      </trkpt>
      <trkpt lat="34.93317" lon="32.872">
        <ele>1833.42</ele>
      </trkpt>
      <trkpt lat="34.93318" lon="32.87176">
        <ele>1835.48</ele>
      </trkpt>
      <trkpt lat="34.93318" lon="32.87176">
        <ele>1835.48</ele>
      </trkpt>
      <trkpt lat="34.93313" lon="32.87163">
        <ele>1837.92</ele>
      </trkpt>
      <trkpt lat="34.93313" lon="32.87163">
        <ele>1837.92</ele>
      </trkpt>
      <trkpt lat="34.93293" lon="32.87146">
        <ele>1842.3</ele>
      </trkpt>
      <trkpt lat="34.93293" lon="32.87146">
        <ele>1842.3</ele>
      </trkpt>
      <trkpt lat="34.93272" lon="32.87138">
        <ele>1844.82</ele>
      </trkpt>
      <trkpt lat="34.93272" lon="32.87138">
        <ele>1844.82</ele>
      </trkpt>
      <trkpt lat="34.93234" lon="32.87122">
        <ele>1847.38</ele>
      </trkpt>
      <trkpt lat="34.93233" lon="32.87122">
        <ele>1847.42</ele>
      </trkpt>
      <trkpt lat="34.93227" lon="32.87118">
        <ele>1847.95</ele>
      </trkpt>
      <trkpt lat="34.93221" lon="32.87117">
        <ele>1848.54</ele>
      </trkpt>
      <trkpt lat="34.93215" lon="32.87115">
        <ele>1849.62</ele>
      </trkpt>
      <trkpt lat="34.9321" lon="32.87112">
        <ele>1850.66</ele>
      </trkpt>
      <trkpt lat="34.93204" lon="32.8711">
        <ele>1851.65</ele>
      </trkpt>
      <trkpt lat="34.93198" lon="32.87108">
        <ele>1852.59</ele>
      </trkpt>
      <trkpt lat="34.93193" lon="32.87105">
        <ele>1853.51</ele>
      </trkpt>
      <trkpt lat="34.93187" lon="32.87102">
        <ele>1854.93</ele>
      </trkpt>
      <trkpt lat="34.93181" lon="32.87098">
        <ele>1856.58</ele>
      </trkpt>
      <trkpt lat="34.93176" lon="32.87093">
        <ele>1858.27</ele>
      </trkpt>
      <trkpt lat="34.93171" lon="32.87088">
        <ele>1860.16</ele>
      </trkpt>
      <trkpt lat="34.93165" lon="32.87083">
        <ele>1862.13</ele>
      </trkpt>
      <trkpt lat="34.93161" lon="32.87078">
        <ele>1862.6</ele>
      </trkpt>
      <trkpt lat="34.93161" lon="32.8707">
        <ele>1862.89</ele>
      </trkpt>
      <trkpt lat="34.93159" lon="32.87063">
        <ele>1863.28</ele>
      </trkpt>
      <trkpt lat="34.93159" lon="32.87056">
        <ele>1863.54</ele>
      </trkpt>
      <trkpt lat="34.93158" lon="32.87048">
        <ele>1863.52</ele>
      </trkpt>
      <trkpt lat="34.93157" lon="32.87041">
        <ele>1863.54</ele>
      </trkpt>
      <trkpt lat="34.93156" lon="32.87033">
        <ele>1863.58</ele>
      </trkpt>
      <trkpt lat="34.93156" lon="32.87026">
        <ele>1863.52</ele>
      </trkpt>
      <trkpt lat="34.93156" lon="32.87018">
        <ele>1863.43</ele>
      </trkpt>
      <trkpt lat="34.93155" lon="32.87011">
        <ele>1863.37</ele>
      </trkpt>
      <trkpt lat="34.93156" lon="32.87002">
        <ele>1863.25</ele>
      </trkpt>
      <trkpt lat="34.93157" lon="32.86994">
        <ele>1863.29</ele>
      </trkpt>
      <trkpt lat="34.93158" lon="32.86986">
        <ele>1863.41</ele>
      </trkpt>
      <trkpt lat="34.93159" lon="32.86977">
        <ele>1863.59</ele>
      </trkpt>
      <trkpt lat="34.9316" lon="32.86969">
        <ele>1863.71</ele>
      </trkpt>
      <trkpt lat="34.93161" lon="32.86961">
        <ele>1863.66</ele>
      </trkpt>
      <trkpt lat="34.93162" lon="32.86953">
        <ele>1863.58</ele>
      </trkpt>
      <trkpt lat="34.93163" lon="32.86944">
        <ele>1863.47</ele>
      </trkpt>
      <trkpt lat="34.93164" lon="32.86936">
        <ele>1863.65</ele>
      </trkpt>
      <trkpt lat="34.93166" lon="32.86929">
        <ele>1863.92</ele>
      </trkpt>
      <trkpt lat="34.93168" lon="32.86922">
        <ele>1864.07</ele>
      </trkpt>
      <trkpt lat="34.9317" lon="32.86914">
        <ele>1863.82</ele>
      </trkpt>
      <trkpt lat="34.93172" lon="32.86907">
        <ele>1863.27</ele>
      </trkpt>
      <trkpt lat="34.93175" lon="32.86901">
        <ele>1863.23</ele>
      </trkpt>
      <trkpt lat="34.93176" lon="32.86893">
        <ele>1862.93</ele>
      </trkpt>
      <trkpt lat="34.9318" lon="32.86887">
        <ele>1863.68</ele>
      </trkpt>
      <trkpt lat="34.93183" lon="32.86881">
        <ele>1863.87</ele>
      </trkpt>
      <trkpt lat="34.93187" lon="32.86876">
        <ele>1864.16</ele>
      </trkpt>
      <trkpt lat="34.93189" lon="32.86873">
        <ele>1864.13</ele>
      </trkpt>
      <trkpt lat="34.93191" lon="32.8687">
        <ele>1864.03</ele>
      </trkpt>
      <trkpt lat="34.93192" lon="32.86869">
        <ele>1864.03</ele>
      </trkpt>
    </trkseg>
  </trk>
</gpx>
